datetime,open,high,low,close,volume
2006-04-28 21:00:00+00:00,5146.7,5278.2,5143.1,5271.7,26841.0
2006-05-05 21:00:00+00:00,5270.4,5318.7,5122.6,5126.5,32947.0
2006-05-12 21:00:00+00:00,5099.9,5132.8,4843.0,4990.0,84730.0
2006-05-19 21:00:00+00:00,4975.6,5057.6,4812.6,5047.7,77856.0
2006-05-26 21:00:00+00:00,5044.9,5050.4,4839.5,4982.6,61848.0
2006-06-02 21:00:00+00:00,4961.8,4977.2,4681.1,4746.3,71274.0
2006-06-09 21:00:00+00:00,4734.3,4793.8,4567.7,4661.2,67420.0
2006-06-16 21:00:00+00:00,4692.9,4817.2,4645.9,4806.9,49177.0
2006-06-23 21:00:00+00:00,4809.9,4955.6,4715.9,4955.1,41703.0
2006-06-30 21:00:00+00:00,4958.2,4979.1,4886.9,4928.9,32587.0
2006-07-07 21:00:00+00:00,4942.5,4982.8,4763.2,4786.8,44743.0
2006-07-14 21:00:00+00:00,4793.3,4896.3,4697.7,4837.3,53651.0
2006-07-21 21:00:00+00:00,4845.6,5051.5,4835.1,5045.5,38844.0
2006-07-28 21:00:00+00:00,5049.2,5073.4,4942.7,4995.8,37764.0
2006-08-04 21:00:00+00:00,4971.0,5044.3,4938.0,4986.1,37076.0
2006-08-11 21:00:00+00:00,5018.3,5157.1,5014.3,5148.2,28813.0
2006-08-18 21:00:00+00:00,5142.8,5142.8,5060.8,5105.9,31624.0
2006-08-25 21:00:00+00:00,5095.0,5207.2,5079.6,5190.3,30896.0
2006-09-01 21:00:00+00:00,5197.5,5210.1,5040.6,5078.0,29967.0
2006-09-08 21:00:00+00:00,5050.1,5166.0,5017.7,5130.8,32546.0
2006-09-15 21:00:00+00:00,5139.9,5217.7,5078.7,5141.9,35873.0
2006-09-22 21:00:00+00:00,5156.1,5282.4,5121.9,5260.3,36116.0
2006-09-29 21:00:00+00:00,5267.5,5298.5,5192.0,5279.0,33496.0
2006-10-06 21:00:00+00:00,5272.8,5374.0,5255.3,5363.3,25952.0
2006-10-13 21:00:00+00:00,5371.0,5388.0,5298.5,5374.3,30340.0
2006-10-20 21:00:00+00:00,5388.0,5450.9,5350.9,5382.9,28272.0
2006-10-27 21:00:00+00:00,5366.2,5382.1,5282.2,5326.1,35942.0
2006-11-03 22:00:00+00:00,5332.8,5444.3,5329.8,5430.0,30102.0
2006-11-10 22:00:00+00:00,5439.7,5506.6,5429.7,5459.0,28110.0
2006-11-17 22:00:00+00:00,5441.1,5506.2,5357.8,5377.8,30599.0
2006-11-24 22:00:00+00:00,5383.4,5411.9,5244.5,5252.5,52221.0
2006-12-01 22:00:00+00:00,5260.6,5415.8,5252.1,5396.8,44368.0
2006-12-08 22:00:00+00:00,5400.3,5542.2,5400.3,5509.5,32406.0
2006-12-15 22:00:00+00:00,5516.1,5535.8,5431.3,5435.8,29200.0
2006-12-22 22:00:00+00:00,5475.0,5550.6,5470.5,5548.9,12405.0
2006-12-29 22:00:00+00:00,5559.9,5620.7,5503.0,5515.6,27835.0
2007-01-05 22:00:00+00:00,5510.2,5631.0,5469.1,5629.0,45391.0
2007-01-12 22:00:00+00:00,5643.7,5652.7,5536.3,5636.5,39402.0
2007-01-19 22:00:00+00:00,5646.1,5675.2,5554.9,5598.5,47725.0
2007-01-26 22:00:00+00:00,5610.1,5702.0,5595.6,5695.0,39649.0
2007-02-02 22:00:00+00:00,5676.1,5722.3,5656.7,5669.5,29674.0
2007-02-09 22:00:00+00:00,5654.1,5732.2,5605.6,5714.2,30613.0
2007-02-16 22:00:00+00:00,5725.2,5763.1,5678.1,5723.4,30650.0
2007-02-23 22:00:00+00:00,5732.9,5777.3,5354.5,5387.4,120013.0
2007-03-02 22:00:00+00:00,5341.4,5550.8,5304.5,5524.9,71115.0
2007-03-09 22:00:00+00:00,5554.9,5565.9,5263.8,5392.0,81734.0
2007-03-16 21:00:00+00:00,5434.5,5659.0,5429.0,5654.0,49184.0
2007-03-23 21:00:00+00:00,5660.0,5688.0,5542.5,5643.5,53218.0
2007-03-30 21:00:00+00:00,5640.0,5766.0,5619.0,5761.0,29221.0
2007-04-06 21:00:00+00:00,5748.5,5805.0,5705.0,5798.5,31497.0
2007-04-13 21:00:00+00:00,5817.5,5963.9,5743.5,5939.4,53069.0
2007-04-20 21:00:00+00:00,5948.3,5989.5,5855.9,5944.7,50554.0
2007-04-27 21:00:00+00:00,5927.9,6070.6,5901.7,6059.8,36542.0
2007-05-04 21:00:00+00:00,6075.6,6086.1,5914.2,6039.3,47369.0
2007-05-11 21:00:00+00:00,6054.0,6130.3,5979.3,6125.1,49470.0
2007-05-18 21:00:00+00:00,6121.9,6148.7,6044.7,6095.6,45120.0
2007-05-25 21:00:00+00:00,6100.5,6191.8,6009.7,6178.0,39651.0
2007-06-01 21:00:00+00:00,6163.7,6166.2,5854.7,5925.8,87968.0
2007-06-08 21:00:00+00:00,5936.3,6128.0,5857.8,6102.1,70193.0
2007-06-15 21:00:00+00:00,6105.5,6136.7,5961.3,5984.3,59674.0
2007-06-22 21:00:00+00:00,5991.1,6067.6,5898.1,6030.7,64986.0
2007-06-29 21:00:00+00:00,6033.0,6121.0,6010.7,6094.6,43396.0
2007-07-06 21:00:00+00:00,6121.9,6165.4,5936.3,6112.6,61640.0
2007-07-13 21:00:00+00:00,6105.5,6135.1,5932.9,5961.9,64865.0
2007-07-20 21:00:00+00:00,5960.1,6034.1,5603.0,5670.1,135513.0
2007-07-27 21:00:00+00:00,5647.8,5776.2,5571.6,5611.4,124102.0
2007-08-03 21:00:00+00:00,5573.6,5776.4,5437.7,5469.7,134002.0
2007-08-10 21:00:00+00:00,5513.9,5582.4,5190.6,5377.4,164745.0
2007-08-17 21:00:00+00:00,5414.9,5601.6,5349.1,5599.1,93357.0
2007-08-24 21:00:00+00:00,5606.8,5692.8,5427.1,5677.8,75354.0
2007-08-31 21:00:00+00:00,5686.5,5705.0,5413.5,5441.5,74080.0
2007-09-07 21:00:00+00:00,5430.7,5576.2,5377.9,5553.7,69797.0
2007-09-14 21:00:00+00:00,5532.4,5745.5,5413.0,5712.1,84985.0
2007-09-21 21:00:00+00:00,5702.5,5760.1,5613.6,5725.6,53348.0
2007-09-28 21:00:00+00:00,5710.5,5859.9,5669.6,5852.0,52886.0
2007-10-05 21:00:00+00:00,5848.9,5888.0,5777.4,5837.0,48190.0
2007-10-12 21:00:00+00:00,5841.4,5869.5,5738.6,5770.0,63813.0
2007-10-19 21:00:00+00:00,5686.9,5825.0,5656.1,5818.9,69862.0
2007-10-26 21:00:00+00:00,5862.2,5881.5,5675.0,5722.3,66988.0
2007-11-02 21:00:00+00:00,5722.6,5759.3,5487.9,5535.9,90969.0
2007-11-09 22:00:00+00:00,5484.2,5630.3,5468.2,5554.6,86363.0
2007-11-16 22:00:00+00:00,5541.6,5578.0,5367.2,5536.5,84983.0
2007-11-23 22:00:00+00:00,5564.9,5695.7,5391.9,5682.3,89405.0
2007-11-30 22:00:00+00:00,5665.3,5752.6,5545.6,5719.7,69848.0
2007-12-07 22:00:00+00:00,5703.7,5802.1,5563.6,5589.1,89020.0
2007-12-14 22:00:00+00:00,5546.1,5586.4,5450.9,5559.2,77245.0
2007-12-21 22:00:00+00:00,5590.9,5654.5,5552.7,5578.6,15530.0
2007-12-28 22:00:00+00:00,5584.1,5644.5,5397.9,5424.0,51494.0
2008-01-04 22:00:00+00:00,5389.5,5522.7,5323.9,5333.9,96279.0
2008-01-11 22:00:00+00:00,5356.7,5418.1,5037.9,5065.8,126470.0
2008-01-18 22:00:00+00:00,5027.5,5031.0,4475.2,4807.4,300538.0
2008-01-25 22:00:00+00:00,4732.0,5002.1,4690.7,4966.5,145877.0
2008-02-01 22:00:00+00:00,5018.6,5030.1,4634.3,4664.3,126635.0
2008-02-08 22:00:00+00:00,4682.8,4925.5,4634.4,4797.8,111613.0
2008-02-15 22:00:00+00:00,4828.7,4949.9,4776.2,4807.5,94128.0
2008-02-22 22:00:00+00:00,4891.7,5011.6,4764.2,4765.2,99630.0
2008-02-29 22:00:00+00:00,4715.2,4787.0,4578.9,4588.0,123008.0
2008-03-07 22:00:00+00:00,4579.9,4744.1,4514.6,4548.6,158460.0
2008-03-14 21:00:00+00:00,4492.0,4653.1,4416.1,4595.0,134032.0
2008-03-21 21:00:00+00:00,4684.1,4761.9,4652.5,4686.2,74858.0
2008-03-28 21:00:00+00:00,4666.9,4931.8,4628.4,4917.0,91378.0
2008-04-04 21:00:00+00:00,4918.8,4966.2,4774.3,4802.8,74818.0
2008-04-11 21:00:00+00:00,4768.0,4969.7,4739.8,4954.0,75518.0
2008-04-18 21:00:00+00:00,4946.0,5010.6,4823.2,4978.7,81310.0
2008-04-25 21:00:00+00:00,4990.8,5087.8,4922.6,5053.1,49958.0
2008-05-02 21:00:00+00:00,5030.0,5077.5,4915.1,4952.8,57687.0
2008-05-09 21:00:00+00:00,4963.8,5103.0,4941.3,5061.5,62796.0
2008-05-16 21:00:00+00:00,5081.1,5137.0,4934.0,4946.6,67955.0
2008-05-23 21:00:00+00:00,4932.5,5055.7,4908.4,5046.5,57624.0
2008-05-30 21:00:00+00:00,5040.5,5043.0,4761.2,4762.2,83052.0
2008-06-06 21:00:00+00:00,4784.1,4835.4,4621.8,4694.4,92607.0
2008-06-13 21:00:00+00:00,4702.7,4729.4,4483.5,4497.0,82683.0
2008-06-20 21:00:00+00:00,4511.4,4558.4,4354.9,4379.3,92970.0
2008-06-27 21:00:00+00:00,4389.3,4451.3,4228.7,4267.7,105773.0
2008-07-04 21:00:00+00:00,4291.2,4357.2,4082.6,4113.6,103601.0
2008-07-11 21:00:00+00:00,4123.6,4343.6,4002.5,4338.4,129184.0
2008-07-18 21:00:00+00:00,4339.0,4477.6,4295.0,4403.1,85007.0
2008-07-25 21:00:00+00:00,4389.5,4482.0,4280.9,4331.1,79842.0
2008-08-01 21:00:00+00:00,4315.6,4538.8,4284.1,4531.7,76838.0
2008-08-08 21:00:00+00:00,4522.1,4558.7,4384.1,4433.9,77014.0
2008-08-15 21:00:00+00:00,4439.0,4491.9,4280.3,4391.8,69302.0
2008-08-22 21:00:00+00:00,4382.0,4499.5,4284.1,4471.2,65178.0
2008-08-29 21:00:00+00:00,4452.0,4551.1,4171.6,4259.5,86695.0
2008-09-05 21:00:00+00:00,4321.5,4410.0,4190.4,4325.0,105795.0
2008-09-12 21:00:00+00:00,4181.7,4322.4,3890.5,4304.3,219713.0
2008-09-19 21:00:00+00:00,4284.2,4297.9,4025.0,4161.3,117519.0
2008-09-26 21:00:00+00:00,4098.4,4106.8,3695.3,3905.4,160899.0
2008-10-03 21:00:00+00:00,3865.1,3887.5,3024.8,3244.8,359696.0
2008-10-10 21:00:00+00:00,3328.3,3756.3,3110.0,3321.1,278360.0
2008-10-17 21:00:00+00:00,3394.3,3555.0,2961.3,3218.6,218986.0
2008-10-24 21:00:00+00:00,3128.7,3525.4,2981.1,3504.3,239887.0
2008-10-31 21:00:00+00:00,3507.7,3704.2,3307.1,3507.0,167091.0
2008-11-07 22:00:00+00:00,3561.4,3604.5,3135.8,3282.1,156060.0
2008-11-14 22:00:00+00:00,3278.9,3313.4,2736.6,2890.1,194377.0
2008-11-21 22:00:00+00:00,2893.5,3216.7,2857.6,3213.8,129919.0
2008-11-28 22:00:00+00:00,3192.3,3221.9,2914.0,3078.4,154431.0
2008-12-05 22:00:00+00:00,3155.4,3317.5,3093.8,3253.0,124672.0
2008-12-12 22:00:00+00:00,3284.1,3337.0,3142.4,3190.5,109002.0
2008-12-19 22:00:00+00:00,3211.9,3224.9,3096.2,3123.2,26471.0
2008-12-26 22:00:00+00:00,3136.0,3403.3,3106.9,3389.3,28824.0
2009-01-02 22:00:00+00:00,3376.1,3431.6,3268.4,3292.9,83283.0
2009-01-09 22:00:00+00:00,3280.7,3307.7,2958.5,3034.0,107989.0
2009-01-16 22:00:00+00:00,3059.0,3087.0,2769.4,2873.4,124870.0
2009-01-23 22:00:00+00:00,2833.3,3101.3,2821.3,2955.8,114568.0
2009-01-30 22:00:00+00:00,2942.8,3147.2,2865.7,3119.2,107656.0
2009-02-06 22:00:00+00:00,3100.2,3146.2,2930.6,2984.6,97802.0
2009-02-13 22:00:00+00:00,2972.1,2995.6,2734.8,2777.0,96314.0
2009-02-20 22:00:00+00:00,2804.3,2839.5,2659.0,2697.5,117335.0
2009-02-27 22:00:00+00:00,2661.9,2715.7,2504.9,2560.1,119067.0
2009-03-06 22:00:00+00:00,2549.3,2778.7,2472.4,2742.3,117803.0
2009-03-13 21:00:00+00:00,2745.9,2834.9,2720.6,2763.1,100181.0
2009-03-20 21:00:00+00:00,2824.1,2950.1,2819.3,2841.5,95393.0
2009-03-27 21:00:00+00:00,2813.4,3037.3,2718.0,3006.4,101491.0
2009-04-03 21:00:00+00:00,3006.8,3028.3,2855.2,3013.2,68683.0
2009-04-10 21:00:00+00:00,2980.9,3126.7,2955.0,3112.3,75341.0
2009-04-17 21:00:00+00:00,3096.7,3132.7,2904.0,3115.3,94934.0
2009-04-24 21:00:00+00:00,3074.4,3196.8,3019.8,3128.8,74200.0
2009-05-01 21:00:00+00:00,3178.4,3362.9,3161.2,3344.6,84425.0
2009-05-08 21:00:00+00:00,3313.6,3326.2,3121.3,3146.0,88645.0
2009-05-15 21:00:00+00:00,3129.4,3337.5,3104.5,3236.0,75318.0
2009-05-22 21:00:00+00:00,3242.6,3336.5,3180.3,3329.4,74509.0
2009-05-29 21:00:00+00:00,3335.9,3423.6,3300.0,3349.3,76992.0
2009-06-05 21:00:00+00:00,3338.2,3384.7,3286.8,3350.5,63127.0
2009-06-12 21:00:00+00:00,3324.4,3327.4,3139.2,3203.0,75678.0
2009-06-19 21:00:00+00:00,3216.1,3224.6,3092.2,3128.8,70921.0
2009-06-26 21:00:00+00:00,3109.4,3232.9,3089.5,3125.0,67227.0
2009-07-03 21:00:00+00:00,3102.1,3112.7,2974.8,2996.8,67878.0
2009-07-10 21:00:00+00:00,2975.4,3250.9,2956.4,3250.3,71993.0
2009-07-17 21:00:00+00:00,3263.9,3421.8,3244.3,3398.6,63526.0
2009-07-24 21:00:00+00:00,3423.1,3465.8,3320.5,3434.2,69139.0
2009-07-31 21:00:00+00:00,3453.3,3546.1,3423.7,3516.9,66296.0
2009-08-07 21:00:00+00:00,3513.4,3562.0,3439.9,3519.9,57294.0
2009-08-14 21:00:00+00:00,3492.4,3641.6,3395.2,3633.3,66681.0
2009-08-21 21:00:00+00:00,3650.9,3744.2,3631.9,3711.8,59392.0
2009-08-28 21:00:00+00:00,3685.7,3702.4,3545.2,3629.1,73173.0
2009-09-04 21:00:00+00:00,3624.5,3764.1,3622.0,3733.3,49267.0
2009-09-11 21:00:00+00:00,3703.2,3856.0,3677.6,3844.0,58186.0
2009-09-18 21:00:00+00:00,3836.3,3859.8,3723.6,3735.1,61375.0
2009-09-25 21:00:00+00:00,3724.9,3846.4,3627.2,3647.7,79190.0
2009-10-02 21:00:00+00:00,3648.6,3824.4,3629.6,3803.9,57844.0
2009-10-09 21:00:00+00:00,3808.2,3906.5,3790.2,3835.6,56777.0
2009-10-16 21:00:00+00:00,3833.8,3911.6,3787.1,3802.2,67413.0
2009-10-23 21:00:00+00:00,3816.4,3834.8,3569.0,3576.0,83997.0
2009-10-30 21:00:00+00:00,3591.2,3719.3,3539.8,3711.9,83719.0
2009-11-06 22:00:00+00:00,3718.2,3832.2,3717.2,3807.2,56619.0
2009-11-13 22:00:00+00:00,3827.4,3869.3,3712.9,3746.3,52800.0
2009-11-20 22:00:00+00:00,3765.4,3828.9,3586.9,3699.5,63320.0
2009-11-27 22:00:00+00:00,3714.5,3873.8,3665.9,3836.2,66626.0
2009-12-04 22:00:00+00:00,3822.7,3850.7,3727.7,3803.8,58458.0
2009-12-11 22:00:00+00:00,3849.4,3881.4,3768.9,3799.4,47285.0
2009-12-18 22:00:00+00:00,3796.7,3921.9,3788.8,3901.2,24351.0
2009-12-25 22:00:00+00:00,3944.7,3968.4,3920.4,3933.5,13701.0
2010-01-01 22:00:00+00:00,3944.1,4058.1,3934.6,4052.6,41695.0
2010-01-08 22:00:00+00:00,4070.0,4086.5,3947.8,3969.3,52300.0
2010-01-15 22:00:00+00:00,3979.4,4038.7,3733.4,3742.4,71613.0
2010-01-22 22:00:00+00:00,3775.0,3838.1,3681.9,3694.7,83939.0
2010-01-29 22:00:00+00:00,3702.9,3834.1,3530.1,3598.1,92679.0
2010-02-05 22:00:00+00:00,3577.2,3678.9,3546.2,3620.5,104226.0
2010-02-12 22:00:00+00:00,3626.7,3809.9,3598.6,3792.6,61047.0
2010-02-19 22:00:00+00:00,3793.8,3822.2,3657.4,3732.5,69368.0
2010-02-26 22:00:00+00:00,3757.4,3949.4,3745.6,3940.8,58882.0
2010-03-05 22:00:00+00:00,3946.4,3966.2,3888.7,3936.3,47533.0
2010-03-12 22:00:00+00:00,3925.3,3970.7,3892.8,3922.3,43667.0
2010-03-19 21:00:00+00:00,3905.8,4001.0,3859.1,3975.0,53857.0
2010-03-26 21:00:00+00:00,3989.0,4036.3,3936.5,4019.4,39331.0
2010-04-02 21:00:00+00:00,4046.2,4143.6,3948.2,4044.7,35199.0
2010-04-09 21:00:00+00:00,4069.2,4108.0,3992.5,4013.6,48033.0
2010-04-16 21:00:00+00:00,3980.0,4053.7,3905.8,3974.2,66920.0
2010-04-23 21:00:00+00:00,3962.6,4011.3,3732.9,3754.1,102645.0
2010-04-30 21:00:00+00:00,3765.1,3838.3,3217.7,3389.0,175486.0
2010-05-07 21:00:00+00:00,3518.0,3761.2,3517.5,3562.3,135897.0
2010-05-14 21:00:00+00:00,3499.3,3621.9,3324.5,3435.9,176196.0
2010-05-21 21:00:00+00:00,3421.4,3554.0,3269.6,3496.0,119222.0
2010-05-28 21:00:00+00:00,3525.6,3597.4,3387.5,3408.1,92204.0
2010-06-04 21:00:00+00:00,3392.6,3572.2,3337.4,3569.2,106061.0
2010-06-11 21:00:00+00:00,3580.2,3718.2,3580.2,3689.9,78068.0
2010-06-18 21:00:00+00:00,3735.8,3765.3,3502.3,3542.8,83987.0
2010-06-25 21:00:00+00:00,3540.0,3585.0,3320.2,3346.1,98952.0
2010-07-02 21:00:00+00:00,3344.4,3588.6,3324.4,3584.1,63096.0
2010-07-09 21:00:00+00:00,3564.4,3660.7,3496.4,3507.5,69592.0
2010-07-16 21:00:00+00:00,3533.6,3653.8,3437.7,3650.7,75902.0
2010-07-23 21:00:00+00:00,3654.1,3737.2,3606.2,3663.0,70009.0
2010-07-30 21:00:00+00:00,3689.5,3814.2,3682.9,3765.6,59907.0
2010-08-06 21:00:00+00:00,3772.4,3800.6,3567.7,3609.5,64641.0
2010-08-13 21:00:00+00:00,3622.9,3680.8,3513.4,3534.4,74973.0
2010-08-20 21:00:00+00:00,3533.7,3582.2,3404.8,3525.7,80182.0
2010-08-27 21:00:00+00:00,3534.9,3710.5,3426.8,3685.0,71914.0
2010-09-03 21:00:00+00:00,3698.2,3734.3,3614.0,3722.2,50985.0
2010-09-10 21:00:00+00:00,3759.0,3786.3,3676.9,3697.0,62459.0
2010-09-17 21:00:00+00:00,3720.4,3802.2,3644.7,3771.3,74651.0
2010-09-24 21:00:00+00:00,3777.3,3800.2,3657.8,3688.0,92020.0
2010-10-01 21:00:00+00:00,3689.9,3792.6,3618.1,3768.5,80919.0
2010-10-08 21:00:00+00:00,3767.0,3844.7,3696.2,3818.9,65908.0
2010-10-15 21:00:00+00:00,3794.6,3876.3,3759.9,3853.2,63694.0
2010-10-22 21:00:00+00:00,3879.9,3885.9,3790.4,3822.9,62335.0
2010-10-29 21:00:00+00:00,3850.1,3921.1,3783.5,3906.6,66660.0
2010-11-05 21:00:00+00:00,3896.3,3944.2,3769.3,3817.8,70193.0
2010-11-12 22:00:00+00:00,3811.0,3877.0,3745.8,3872.0,64107.0
2010-11-19 22:00:00+00:00,3887.2,3905.2,3682.6,3722.1,63083.0
2010-11-26 22:00:00+00:00,3730.8,3774.5,3589.4,3761.1,90483.0
2010-12-03 22:00:00+00:00,3757.2,3881.5,3720.7,3874.5,53687.0
2010-12-10 22:00:00+00:00,3868.2,3909.2,3860.9,3876.6,41704.0
2010-12-17 22:00:00+00:00,3872.4,3936.0,3861.9,3897.4,24623.0
2010-12-24 22:00:00+00:00,3910.8,3913.8,3733.9,3823.9,21990.0
2010-12-31 22:00:00+00:00,3842.7,3945.3,3833.2,3866.3,56998.0
2011-01-07 22:00:00+00:00,3852.6,4006.6,3789.1,4005.6,60014.0
2011-01-14 22:00:00+00:00,3989.4,4071.1,3949.4,4032.4,51036.0
2011-01-21 22:00:00+00:00,4040.5,4088.8,3980.2,3986.2,58412.0
2011-01-28 22:00:00+00:00,3997.8,4096.7,3960.2,4065.7,56512.0
2011-02-04 22:00:00+00:00,4067.3,4125.2,4041.2,4120.1,51650.0
2011-02-11 22:00:00+00:00,4123.2,4170.3,4086.2,4149.6,42105.0
2011-02-18 22:00:00+00:00,4147.7,4160.7,3968.7,4069.8,61772.0
2011-02-25 22:00:00+00:00,4068.4,4143.6,3984.9,4010.0,74278.0
2011-03-04 22:00:00+00:00,3997.0,4049.5,3913.4,3942.5,77315.0
2011-03-11 22:00:00+00:00,3907.6,3939.1,3629.1,3771.7,122977.0
2011-03-18 21:00:00+00:00,3810.5,3965.6,3808.5,3943.4,58840.0
2011-03-25 21:00:00+00:00,3948.1,4040.5,3927.8,4020.9,48290.0
2011-04-01 21:00:00+00:00,4032.6,4061.6,4000.8,4033.8,46099.0
2011-04-08 21:00:00+00:00,4047.1,4051.7,3947.7,3982.7,48855.0
2011-04-15 21:00:00+00:00,3979.4,4030.2,3861.0,4014.7,45388.0
2011-04-22 21:00:00+00:00,3992.7,4108.8,3992.6,4104.6,30850.0
2011-04-29 21:00:00+00:00,4129.4,4136.4,3975.6,4007.5,60171.0
2011-05-06 21:00:00+00:00,4018.3,4067.7,3971.7,3997.0,62560.0
2011-05-13 21:00:00+00:00,3960.0,4055.6,3923.4,3994.1,62039.0
2011-05-20 21:00:00+00:00,3953.8,3992.6,3884.4,3953.4,60097.0
2011-05-27 21:00:00+00:00,3946.5,4040.4,3852.1,3897.9,50714.0
2011-06-03 21:00:00+00:00,3885.0,3901.4,3798.6,3813.0,52425.0
2011-06-10 21:00:00+00:00,3808.2,3883.2,3744.6,3820.9,57126.0
2011-06-17 21:00:00+00:00,3795.0,3894.7,3752.9,3784.8,64751.0
2011-06-24 21:00:00+00:00,3785.0,4033.2,3770.0,4025.2,62553.0
2011-07-01 21:00:00+00:00,4024.3,4025.0,3912.0,3927.5,51798.0
2011-07-08 21:00:00+00:00,3926.1,3926.1,3664.1,3726.7,84889.0
2011-07-15 21:00:00+00:00,3707.1,3867.5,3631.3,3847.6,74536.0
2011-07-22 21:00:00+00:00,3809.6,3845.6,3620.4,3645.9,69161.0
2011-07-29 21:00:00+00:00,3709.2,3727.7,3206.2,3332.1,158217.0
2011-08-05 21:00:00+00:00,3200.0,3333.5,2887.0,3216.1,268960.0
2011-08-12 21:00:00+00:00,3247.9,3288.7,2942.8,2983.8,90696.0
2011-08-19 21:00:00+00:00,2987.1,3187.5,2975.1,3093.8,78265.0
2011-08-26 21:00:00+00:00,3126.6,3292.9,3114.1,3125.2,69304.0
2011-09-02 21:00:00+00:00,3106.0,3117.2,2942.1,2960.1,88790.0
2011-09-09 21:00:00+00:00,2917.9,3088.1,2767.3,3038.3,107969.0
2011-09-16 21:00:00+00:00,2979.7,2999.1,2698.0,2815.1,100787.0
2011-09-23 21:00:00+00:00,2790.2,3068.0,2739.6,2953.6,104833.0
2011-09-30 21:00:00+00:00,2921.7,3130.1,2811.3,3082.5,102737.0
2011-10-07 21:00:00+00:00,3127.1,3255.1,3097.1,3234.3,72155.0
2011-10-14 21:00:00+00:00,3254.8,3268.8,3072.2,3173.5,73885.0
2011-10-21 21:00:00+00:00,3190.6,3411.3,3142.7,3353.1,71941.0
2011-10-28 21:00:00+00:00,3321.2,3325.2,3010.1,3132.4,96214.0
2011-11-04 21:00:00+00:00,3131.6,3196.9,2982.1,3153.5,86188.0
2011-11-11 22:00:00+00:00,3163.6,3178.6,2963.5,2988.5,76739.0
2011-11-18 22:00:00+00:00,2971.9,2985.4,2789.8,2830.3,65810.0
2011-11-25 22:00:00+00:00,2893.3,3201.8,2886.8,3154.7,73651.0
2011-12-02 22:00:00+00:00,3180.2,3244.2,3050.1,3181.1,71725.0
2011-12-09 22:00:00+00:00,3169.6,3169.6,2947.8,2957.3,63922.0
2011-12-16 22:00:00+00:00,2939.0,3127.4,2932.0,3114.1,42877.0
2011-12-23 22:00:00+00:00,3119.2,3169.8,3065.9,3161.3,21758.0
2011-12-30 22:00:00+00:00,3150.9,3249.8,3123.3,3128.8,41797.0
2012-01-06 22:00:00+00:00,3125.5,3255.6,3114.9,3194.4,49606.0
2012-01-13 22:00:00+00:00,3177.1,3339.0,3163.1,3336.0,45842.0
2012-01-20 22:00:00+00:00,3329.1,3369.6,3284.1,3317.6,45250.0
2012-01-27 22:00:00+00:00,3300.7,3430.3,3259.2,3427.8,44967.0
2012-02-03 22:00:00+00:00,3414.8,3449.9,3361.9,3375.4,42414.0
2012-02-10 22:00:00+00:00,3400.9,3453.5,3350.5,3453.0,39827.0
2012-02-17 22:00:00+00:00,3474.4,3482.9,3424.9,3464.4,35740.0
2012-02-24 22:00:00+00:00,3446.8,3515.2,3412.8,3501.2,43157.0
2012-03-02 22:00:00+00:00,3491.2,3508.1,3344.2,3489.6,46157.0
2012-03-09 22:00:00+00:00,3481.6,3601.4,3467.1,3599.3,37256.0
2012-03-16 21:00:00+00:00,3599.8,3600.3,3436.1,3494.2,37727.0
2012-03-23 21:00:00+00:00,3504.7,3540.5,3376.3,3425.2,45347.0
2012-03-30 21:00:00+00:00,3432.2,3480.1,3278.4,3300.8,47423.0
2012-04-06 21:00:00+00:00,3266.5,3292.5,3165.9,3194.8,50621.0
2012-04-13 21:00:00+00:00,3190.8,3298.0,3144.3,3172.2,70078.0
2012-04-20 21:00:00+00:00,3162.6,3276.0,3078.0,3255.6,64736.0
2012-04-27 21:00:00+00:00,3251.0,3270.2,3145.4,3154.5,54587.0
2012-05-04 21:00:00+00:00,3072.5,3210.8,3065.3,3119.1,76531.0
2012-05-11 21:00:00+00:00,3094.7,3108.7,2960.5,2978.1,76225.0
2012-05-18 21:00:00+00:00,2994.3,3095.2,2983.1,3038.9,65484.0
2012-05-25 21:00:00+00:00,3069.1,3095.9,2921.0,2945.3,74323.0
2012-06-01 21:00:00+00:00,2913.8,3103.5,2912.2,3068.1,61131.0
2012-06-08 21:00:00+00:00,3115.6,3133.6,2994.2,3098.4,64449.0
2012-06-15 21:00:00+00:00,3126.8,3159.9,3057.7,3110.3,56582.0
2012-06-22 21:00:00+00:00,3096.6,3211.4,3007.0,3211.4,56496.0
2012-06-29 21:00:00+00:00,3216.7,3294.8,3170.7,3184.2,49613.0
2012-07-06 21:00:00+00:00,3177.0,3208.6,3119.9,3184.6,43702.0
2012-07-13 21:00:00+00:00,3180.8,3271.5,3156.2,3194.5,36727.0
2012-07-20 21:00:00+00:00,3152.6,3338.6,3049.6,3321.6,62720.0
2012-07-27 21:00:00+00:00,3313.2,3381.8,3205.7,3371.3,69974.0
2012-08-03 21:00:00+00:00,3372.3,3472.3,3357.3,3452.4,43063.0
2012-08-10 21:00:00+00:00,3436.9,3500.9,3409.4,3490.8,29343.0
2012-08-17 21:00:00+00:00,3494.9,3524.2,3395.1,3426.6,35581.0
2012-08-24 21:00:00+00:00,3428.2,3463.1,3369.9,3398.4,35234.0
2012-08-31 21:00:00+00:00,3391.0,3564.9,3368.6,3526.3,51441.0
2012-09-07 21:00:00+00:00,3514.4,3589.7,3479.2,3575.2,45608.0
2012-09-14 21:00:00+00:00,3569.2,3575.2,3485.7,3521.1,39535.0
2012-09-21 21:00:00+00:00,3510.2,3530.3,3357.8,3364.7,41680.0
2012-09-28 21:00:00+00:00,3345.9,3467.5,3345.9,3440.4,42794.0
2012-10-05 21:00:00+00:00,3434.0,3440.0,3353.4,3396.9,36797.0
2012-10-12 21:00:00+00:00,3384.0,3543.3,3382.0,3485.9,36498.0
2012-10-19 21:00:00+00:00,3495.2,3520.2,3370.4,3441.9,46607.0
2012-10-26 21:00:00+00:00,3430.2,3502.5,3394.2,3467.9,34240.0
2012-11-02 21:00:00+00:00,3469.8,3516.1,3371.5,3418.5,43876.0
2012-11-09 22:00:00+00:00,3421.8,3437.1,3339.2,3357.2,43812.0
2012-11-16 22:00:00+00:00,3373.6,3537.2,3368.5,3526.2,32054.0
2012-11-23 22:00:00+00:00,3518.0,3584.2,3476.3,3567.6,34859.0
2012-11-30 22:00:00+00:00,3567.6,3619.5,3556.7,3613.7,43612.0
2012-12-07 22:00:00+00:00,3613.7,3664.0,3571.9,3633.2,33165.0
2012-12-14 22:00:00+00:00,3642.4,3687.8,3611.9,3682.9,24683.0
2012-12-21 22:00:00+00:00,3670.4,3688.6,3614.3,3620.9,10814.0
2012-12-28 22:00:00+00:00,3617.2,3739.5,3588.5,3733.2,28810.0
2013-01-04 22:00:00+00:00,3733.2,3733.2,3683.7,3711.4,30182.0
2013-01-11 22:00:00+00:00,3711.4,3761.3,3680.6,3753.1,28100.0
2013-01-18 22:00:00+00:00,3753.1,3788.8,3711.0,3787.4,29466.0
2013-01-25 22:00:00+00:00,3786.8,3794.3,3723.6,3781.3,37062.0
2013-02-01 22:00:00+00:00,3781.3,3781.3,3592.3,3652.0,43634.0
2013-02-08 22:00:00+00:00,3652.0,3709.8,3634.4,3656.5,34129.0
2013-02-15 22:00:00+00:00,3656.5,3743.9,3622.2,3726.5,50202.0
2013-02-22 22:00:00+00:00,3725.8,3788.4,3598.4,3702.1,71292.0
2013-03-01 22:00:00+00:00,3702.1,3851.4,3670.6,3843.7,49299.0
2013-03-08 22:00:00+00:00,3843.7,3876.1,3817.6,3839.0,34126.0
2013-03-15 21:00:00+00:00,3839.0,3840.2,3753.5,3792.5,52596.0
2013-03-22 21:00:00+00:00,3820.8,3841.2,3671.6,3741.4,49478.0
2013-03-29 21:00:00+00:00,3724.0,3813.3,3636.2,3678.6,43169.0
2013-04-05 21:00:00+00:00,3662.4,3780.5,3647.6,3741.5,37740.0
2013-04-12 21:00:00+00:00,3741.5,3741.5,3560.0,3627.0,59159.0
2013-04-19 21:00:00+00:00,3640.9,3833.9,3604.2,3793.7,62870.0
2013-04-26 21:00:00+00:00,3792.5,3903.0,3791.5,3896.2,45520.0
2013-05-03 21:00:00+00:00,3893.6,3974.9,3876.7,3965.7,38528.0
2013-05-10 21:00:00+00:00,3954.4,4031.4,3923.2,4024.6,41770.0
2013-05-17 21:00:00+00:00,4019.9,4067.7,3946.2,3983.6,67446.0
2013-05-24 21:00:00+00:00,3988.2,4079.2,3937.5,3937.9,56702.0
2013-05-31 21:00:00+00:00,3942.7,3988.4,3794.0,3874.3,85995.0
2013-06-07 21:00:00+00:00,3870.5,3890.0,3735.2,3797.7,66242.0
2013-06-14 21:00:00+00:00,3812.5,3887.6,3653.3,3688.1,66456.0
2013-06-21 21:00:00+00:00,3655.9,3786.7,3581.1,3738.6,79915.0
2013-06-28 21:00:00+00:00,3741.3,3843.7,3672.8,3788.3,67074.0
2013-07-05 21:00:00+00:00,3787.6,3904.3,3780.1,3862.5,50246.0
2013-07-12 21:00:00+00:00,3869.7,3933.1,3823.5,3923.8,33040.0
2013-07-19 21:00:00+00:00,3934.4,4004.9,3917.1,3994.1,39026.0
2013-07-26 21:00:00+00:00,3984.1,4067.5,3964.5,4054.4,39477.0
2013-08-02 21:00:00+00:00,4054.3,4091.4,4011.0,4086.7,32829.0
2013-08-09 21:00:00+00:00,4089.3,4127.0,4048.7,4116.4,39426.0
2013-08-16 21:00:00+00:00,4117.2,4124.4,4005.9,4077.3,40140.0
2013-08-23 21:00:00+00:00,4079.5,4079.5,3921.7,3928.4,53337.0
2013-08-30 21:00:00+00:00,3959.8,4050.2,3927.1,4038.6,55752.0
2013-09-06 21:00:00+00:00,4049.8,4125.7,4022.3,4118.3,48132.0
2013-09-13 21:00:00+00:00,4165.8,4235.6,4131.2,4191.4,42536.0
2013-09-20 21:00:00+00:00,4201.5,4217.1,4160.8,4196.0,51033.0
2013-09-27 21:00:00+00:00,4152.0,4201.2,4113.8,4168.7,62453.0
2013-10-04 21:00:00+00:00,4142.7,4240.0,4106.3,4230.8,53229.0
2013-10-11 21:00:00+00:00,4209.0,4291.5,4193.9,4286.2,38512.0
2013-10-18 21:00:00+00:00,4288.4,4308.6,4240.2,4270.7,51320.0
2013-10-25 21:00:00+00:00,4285.9,4308.3,4233.0,4279.6,42047.0
2013-11-01 21:00:00+00:00,4286.2,4351.5,4205.4,4265.4,56843.0
2013-11-08 22:00:00+00:00,4265.7,4300.2,4207.7,4293.6,43201.0
2013-11-15 22:00:00+00:00,4288.5,4336.3,4219.7,4280.5,47584.0
2013-11-22 22:00:00+00:00,4288.9,4310.7,4273.7,4290.0,24673.0
2013-11-29 22:00:00+00:00,4289.6,4307.3,4078.7,4140.0,55266.0
2013-12-06 22:00:00+00:00,4141.2,4141.7,4048.7,4066.7,33858.0
2013-12-13 22:00:00+00:00,4049.3,4203.9,4046.3,4196.0,36841.0
2013-12-20 22:00:00+00:00,4210.6,4289.4,4190.9,4280.5,9689.0
2013-12-27 22:00:00+00:00,4282.6,4315.3,4217.8,4243.8,26018.0
2014-01-03 22:00:00+00:00,4240.1,4279.1,4214.8,4267.1,40737.0
2014-01-10 22:00:00+00:00,4260.6,4345.6,4211.6,4320.6,26627.0
2014-01-17 22:00:00+00:00,4321.5,4351.6,4144.7,4145.2,53975.0
2014-01-24 22:00:00+00:00,4144.3,4246.0,4097.6,4155.6,202543.0
2014-01-31 22:00:00+00:00,4150.0,4255.0,4067.6,4251.4,277038.0
2014-02-07 22:00:00+00:00,4248.8,4349.6,4228.2,4341.6,149969.0
2014-02-14 22:00:00+00:00,4339.4,4383.6,4289.2,4370.3,115767.0
2014-02-21 22:00:00+00:00,4374.4,4425.8,4355.4,4385.0,145893.0
2014-02-28 22:00:00+00:00,4340.4,4433.0,4280.8,4386.4,213360.0
2014-03-07 22:00:00+00:00,4370.4,4419.0,4181.4,4205.4,214898.0
2014-03-14 21:00:00+00:00,4212.4,4351.1,4208.2,4301.0,162663.0
2014-03-21 21:00:00+00:00,4311.6,4415.5,4267.4,4404.4,200893.0
2014-03-28 21:00:00+00:00,4426.7,4498.5,4390.7,4452.4,147378.0
2014-04-04 21:00:00+00:00,4451.0,4466.0,4329.6,4344.8,218031.0
2014-04-11 21:00:00+00:00,4333.9,4441.9,4312.8,4428.9,146588.0
2014-04-18 21:00:00+00:00,4428.4,4479.4,4411.8,4430.1,114197.0
2014-04-25 21:00:00+00:00,4435.0,4481.8,4400.5,4446.8,130838.0
2014-05-02 21:00:00+00:00,4438.6,4488.5,4381.7,4462.9,148320.0
2014-05-09 21:00:00+00:00,4463.2,4513.6,4419.8,4465.3,114305.0
2014-05-16 21:00:00+00:00,4457.8,4502.8,4417.4,4498.3,108783.0
2014-05-23 21:00:00+00:00,4504.8,4541.8,4499.8,4538.8,48497.0
2014-05-30 21:00:00+00:00,4537.2,4605.4,4485.2,4605.1,88744.0
2014-06-06 21:00:00+00:00,4601.5,4610.0,4514.4,4545.0,71164.0
2014-06-13 21:00:00+00:00,4532.7,4585.4,4511.8,4544.4,90150.0
2014-06-20 21:00:00+00:00,4548.0,4551.4,4414.6,4457.4,86137.0
2014-06-27 21:00:00+00:00,4454.8,4497.8,4411.8,4476.4,72239.0
2014-07-04 21:00:00+00:00,4472.4,4472.6,4279.4,4328.0,116274.0
2014-07-11 21:00:00+00:00,4339.9,4376.0,4280.4,4346.2,155173.0
2014-07-18 21:00:00+00:00,4337.2,4416.4,4295.4,4338.6,122283.0
2014-07-25 21:00:00+00:00,4340.8,4392.2,4181.8,4201.4,201364.0
2014-08-01 21:00:00+00:00,4217.1,4252.8,4100.8,4182.3,244642.0
2014-08-08 21:00:00+00:00,4174.8,4257.2,4149.2,4193.9,176850.0
2014-08-15 21:00:00+00:00,4230.4,4294.8,4210.2,4254.8,111566.0
2014-08-22 21:00:00+00:00,4277.1,4402.1,4277.1,4385.4,102048.0
2014-08-29 21:00:00+00:00,4387.2,4509.1,4356.9,4495.5,135147.0
2014-09-05 21:00:00+00:00,4492.5,4493.0,4410.1,4436.6,124061.0
2014-09-12 21:00:00+00:00,4426.9,4497.4,4390.4,4456.0,134765.0
2014-09-19 21:00:00+00:00,4448.0,4464.3,4343.2,4416.2,163118.0
2014-09-26 21:00:00+00:00,4403.7,4438.6,4232.8,4293.0,130369.0
2014-10-03 21:00:00+00:00,4304.8,4334.2,4062.0,4063.7,297615.0
2014-10-10 21:00:00+00:00,4037.0,4105.0,3786.4,4010.6,377840.0
2014-10-17 21:00:00+00:00,4035.0,4166.6,3960.7,4145.5,293249.0
2014-10-24 21:00:00+00:00,4155.1,4247.4,4049.5,4235.8,193091.0
2014-10-31 21:00:00+00:00,4229.4,4278.7,4117.1,4192.6,167132.0
2014-11-07 22:00:00+00:00,4201.0,4253.8,4153.3,4201.4,128370.0
2014-11-14 22:00:00+00:00,4173.8,4357.7,4161.0,4341.3,99330.0
2014-11-21 22:00:00+00:00,4337.2,4403.8,4337.2,4376.2,83304.0
2014-11-28 22:00:00+00:00,4367.6,4428.0,4308.0,4410.4,129041.0
2014-12-05 22:00:00+00:00,4406.0,4411.0,4078.2,4085.9,169390.0
2014-12-12 22:00:00+00:00,4083.5,4307.6,3926.3,4262.9,269342.0
2014-12-19 22:00:00+00:00,4264.2,4334.0,4245.2,4306.2,47703.0
2014-12-26 22:00:00+00:00,4332.0,4332.0,4221.6,4255.4,97962.0
2015-01-02 22:00:00+00:00,4235.4,4278.4,4061.7,4184.2,316500.0
2015-01-09 22:00:00+00:00,4179.7,4420.2,4116.8,4409.2,302889.0
2015-01-16 22:00:00+00:00,4396.0,4674.8,4364.6,4630.6,308835.0
2015-01-23 22:00:00+00:00,4609.3,4695.3,4550.2,4594.6,322274.0
2015-01-30 22:00:00+00:00,4608.4,4708.9,4582.9,4658.5,210454.0
2015-02-06 22:00:00+00:00,4648.0,4779.5,4610.8,4770.8,213193.0
2015-02-13 22:00:00+00:00,4758.6,4888.8,4682.6,4871.8,163915.0
2015-02-20 22:00:00+00:00,4865.4,4952.8,4831.9,4936.4,92941.0
2015-02-27 22:00:00+00:00,4943.3,4987.8,4857.4,4945.3,113185.0
2015-03-06 22:00:00+00:00,4947.0,5034.4,4870.1,5021.2,129399.0
2015-03-13 21:00:00+00:00,5020.6,5103.4,4999.4,5082.0,145222.0
2015-03-20 21:00:00+00:00,5084.1,5104.2,4927.8,5037.0,153128.0
2015-03-27 21:00:00+00:00,5042.0,5102.8,4993.7,5067.7,132403.0
2015-04-03 21:00:00+00:00,5087.5,5227.6,5079.4,5227.0,81259.0
2015-04-10 21:00:00+00:00,5220.7,5246.5,5090.0,5108.4,135036.0
2015-04-17 21:00:00+00:00,5122.4,5220.3,5111.8,5167.4,162253.0
2015-04-24 21:00:00+00:00,5166.0,5258.6,4965.0,4986.0,183993.0
2015-05-01 21:00:00+00:00,5040.0,5112.7,4850.7,5070.8,217317.0
2015-05-08 21:00:00+00:00,5061.4,5065.4,4899.5,5010.4,207669.0
2015-05-15 21:00:00+00:00,5014.8,5160.6,4928.3,5153.4,130220.0
2015-05-22 21:00:00+00:00,5117.0,5199.3,4999.1,5028.2,122025.0
2015-05-29 21:00:00+00:00,5044.4,5094.3,4893.1,4929.4,206930.0
2015-06-05 21:00:00+00:00,4933.6,5031.1,4789.9,4913.8,265394.0
2015-06-12 21:00:00+00:00,4873.3,4881.8,4718.0,4816.2,223776.0
2015-06-19 21:00:00+00:00,4877.3,5106.4,4877.0,5076.1,246869.0
2015-06-26 21:00:00+00:00,4825.3,4957.3,4776.0,4826.0,242685.0
2015-07-03 21:00:00+00:00,4683.3,4962.7,4609.8,4952.0,268775.0
2015-07-10 21:00:00+00:00,4902.4,5156.6,4868.8,5133.4,136609.0
2015-07-17 21:00:00+00:00,5140.9,5193.6,5034.2,5039.7,108472.0
2015-07-24 21:00:00+00:00,5052.9,5094.4,4925.0,5091.2,164097.0
2015-07-31 21:00:00+00:00,5082.4,5224.9,5071.8,5172.8,133817.0
2015-08-07 21:00:00+00:00,5187.6,5204.6,4911.2,4989.6,176685.0
2015-08-14 21:00:00+00:00,4991.6,5031.1,4580.8,4599.8,299535.0
2015-08-21 21:00:00+00:00,4495.4,4689.2,4228.5,4673.0,743308.0
2015-08-28 21:00:00+00:00,4618.2,4694.4,4484.3,4526.2,450434.0
2015-09-04 21:00:00+00:00,4553.4,4733.8,4524.5,4574.4,276583.0
2015-09-11 21:00:00+00:00,4579.0,4711.6,4492.2,4542.6,247739.0
2015-09-18 21:00:00+00:00,4530.0,4604.2,4303.6,4448.6,333575.0
2015-09-25 21:00:00+00:00,4435.6,4530.1,4274.6,4527.3,417816.0
2015-10-02 21:00:00+00:00,4555.2,4739.7,4528.0,4703.8,304300.0
2015-10-09 21:00:00+00:00,4699.8,4723.9,4583.5,4715.8,245704.0
2015-10-16 21:00:00+00:00,4706.4,4954.4,4644.8,4946.4,250994.0
2015-10-23 21:00:00+00:00,4933.6,4936.8,4844.0,4881.1,216656.0
2015-10-30 21:00:00+00:00,4854.4,5014.6,4839.4,5007.5,185304.0
2015-11-06 22:00:00+00:00,4996.0,5000.4,4763.8,4790.4,195165.0
2015-11-13 22:00:00+00:00,4719.6,4967.4,4718.6,4906.4,177388.0
2015-11-20 22:00:00+00:00,4916.1,4964.8,4774.4,4930.6,136187.0
2015-11-27 22:00:00+00:00,4926.5,4982.0,4662.4,4771.8,224397.0
2015-12-04 22:00:00+00:00,4767.8,4805.3,4519.4,4528.0,275813.0
2015-12-11 22:00:00+00:00,4557.0,4750.8,4464.6,4588.8,301629.0
2015-12-18 22:00:00+00:00,4598.8,4704.0,4532.2,4675.0,118874.0
2015-12-25 22:00:00+00:00,4667.2,4714.4,4619.0,4648.4,64531.0
2016-01-01 22:00:00+00:00,4586.0,4590.4,4297.4,4307.6,293239.0
2016-01-08 22:00:00+00:00,4296.1,4468.4,4148.7,4185.8,357084.0
2016-01-15 22:00:00+00:00,4216.5,4369.0,4064.2,4360.8,382760.0
2016-01-22 22:00:00+00:00,4366.6,4435.0,4220.6,4430.6,306294.0
2016-01-29 22:00:00+00:00,4435.8,4435.8,4178.5,4193.0,342059.0
2016-02-05 22:00:00+00:00,4218.7,4227.2,3893.6,4009.4,420650.0
2016-02-12 22:00:00+00:00,4072.1,4282.4,4069.1,4224.6,227690.0
2016-02-19 22:00:00+00:00,4248.2,4355.0,4118.2,4301.8,236707.0
2016-02-26 22:00:00+00:00,4279.2,4482.0,4255.1,4448.6,225126.0
2016-03-04 22:00:00+00:00,4445.8,4582.8,4306.4,4509.2,284906.0
2016-03-11 22:00:00+00:00,4505.6,4536.4,4366.0,4456.5,186722.0
2016-03-18 21:00:00+00:00,4446.1,4487.6,4329.2,4360.8,155347.0
2016-03-25 21:00:00+00:00,4360.8,4472.5,4263.0,4333.0,145280.0
2016-04-01 21:00:00+00:00,4331.5,4380.7,4213.0,4289.3,198179.0
2016-04-08 21:00:00+00:00,4294.8,4518.6,4262.2,4483.4,169728.0
2016-04-15 21:00:00+00:00,4438.0,4609.2,4416.2,4569.1,181614.0
2016-04-22 21:00:00+00:00,4549.6,4575.3,4408.0,4421.8,174521.0
2016-04-29 21:00:00+00:00,4423.1,4448.5,4246.7,4323.1,172744.0
2016-05-06 21:00:00+00:00,4333.6,4386.6,4258.9,4286.4,191914.0
2016-05-13 21:00:00+00:00,4330.1,4369.4,4270.1,4346.8,160106.0
2016-05-20 21:00:00+00:00,4349.0,4530.6,4301.3,4528.2,142161.0
2016-05-27 21:00:00+00:00,4530.2,4544.9,4407.5,4436.8,125583.0
2016-06-03 21:00:00+00:00,4436.8,4502.3,4287.8,4300.6,124596.0
2016-06-10 21:00:00+00:00,4256.3,4280.0,4099.0,4232.0,210430.0
2016-06-17 21:00:00+00:00,4341.0,4509.5,4007.2,4066.2,255634.0
2016-06-24 21:00:00+00:00,4066.2,4295.8,3955.5,4260.2,261380.0
2016-07-01 21:00:00+00:00,4270.0,4292.8,4060.8,4187.0,206013.0
2016-07-08 21:00:00+00:00,4220.5,4402.5,4206.3,4370.0,178575.0
2016-07-15 21:00:00+00:00,4374.8,4409.8,4303.3,4384.2,139768.0
2016-07-22 21:00:00+00:00,4377.2,4477.0,4353.3,4440.2,137969.0
2016-07-29 21:00:00+00:00,4447.8,4465.0,4293.3,4405.5,136245.0
2016-08-05 21:00:00+00:00,4429.0,4511.3,4406.8,4498.5,98730.0
2016-08-12 21:00:00+00:00,4508.2,4528.8,4374.3,4408.5,100831.0
2016-08-19 21:00:00+00:00,4397.0,4457.8,4376.3,4421.0,141423.0
2016-08-26 21:00:00+00:00,4420.8,4555.0,4389.3,4547.2,133420.0
2016-09-02 21:00:00+00:00,4560.0,4570.4,4456.4,4457.4,145371.0
2016-09-09 21:00:00+00:00,4423.4,4487.2,4306.5,4339.5,208752.0
2016-09-16 21:00:00+00:00,4360.8,4529.4,4359.0,4477.8,140235.0
2016-09-23 21:00:00+00:00,4459.2,4510.3,4345.0,4451.0,193385.0
2016-09-30 21:00:00+00:00,4448.8,4522.3,4431.2,4456.5,178897.0
2016-10-07 21:00:00+00:00,4459.2,4521.5,4373.3,4476.8,168033.0
2016-10-14 21:00:00+00:00,4456.0,4556.8,4441.3,4543.5,133779.0
2016-10-21 21:00:00+00:00,4543.2,4580.3,4495.3,4517.5,152862.0
2016-10-28 21:00:00+00:00,4521.2,4539.2,4346.8,4353.2,169254.0
2016-11-04 21:00:00+00:00,4436.8,4608.3,4287.2,4498.5,309237.0
2016-11-11 22:00:00+00:00,4534.0,4561.8,4479.5,4504.0,196411.0
2016-11-18 22:00:00+00:00,4514.8,4572.3,4477.8,4559.8,107372.0
2016-11-25 22:00:00+00:00,4554.5,4598.8,4489.8,4527.5,155173.0
2016-12-02 22:00:00+00:00,4490.0,4792.0,4473.5,4788.0,181214.0
2016-12-09 22:00:00+00:00,4789.5,4857.3,4749.2,4822.2,151510.0
2016-12-16 22:00:00+00:00,4836.8,4860.8,4813.5,4839.8,62510.0
2016-12-23 22:00:00+00:00,4835.1,4865.3,4821.8,4851.8,37138.0
2016-12-30 22:00:00+00:00,4893.2,4929.3,4873.6,4913.8,74070.0
2017-01-06 22:00:00+00:00,4918.8,4923.8,4854.8,4907.5,90995.0
2017-01-13 22:00:00+00:00,4894.5,4910.8,4818.0,4852.0,109684.0
2017-01-20 22:00:00+00:00,4827.2,4901.3,4797.8,4838.8,92837.0
2017-01-27 22:00:00+00:00,4823.8,4847.8,4746.8,4827.5,117799.0
2017-02-03 22:00:00+00:00,4823.5,4849.0,4734.0,4835.8,113908.0
2017-02-10 22:00:00+00:00,4835.8,4935.8,4835.8,4875.8,103051.0
2017-02-17 22:00:00+00:00,4890.8,4921.3,4804.5,4863.5,100371.0
2017-02-24 22:00:00+00:00,4864.8,5011.0,4832.3,4999.3,99221.0
2017-03-03 22:00:00+00:00,4988.8,5022.0,4931.3,4993.8,100900.0
2017-03-10 22:00:00+00:00,4996.1,5039.8,4957.8,5029.8,96277.0
2017-03-17 21:00:00+00:00,5018.6,5062.8,4959.0,5026.8,124454.0
2017-03-24 21:00:00+00:00,4994.3,5132.5,4973.3,5123.5,86449.0
2017-03-31 21:00:00+00:00,5124.8,5148.3,5052.3,5138.0,108364.0
2017-04-07 21:00:00+00:00,5136.8,5144.3,5053.3,5068.0,90462.0
2017-04-14 21:00:00+00:00,5094.8,5098.0,4967.0,5078.8,97178.0
2017-04-21 21:00:00+00:00,5186.0,5396.5,5182.3,5270.8,89678.0
2017-04-28 21:00:00+00:00,5272.5,5489.3,5272.3,5484.2,58549.0
2017-05-05 21:00:00+00:00,5485.0,5488.0,5362.3,5417.5,79946.0
2017-05-12 21:00:00+00:00,5418.5,5426.8,5238.8,5326.5,121207.0
2017-05-19 21:00:00+00:00,5337.5,5378.5,5283.3,5339.8,89240.0
2017-05-26 21:00:00+00:00,5346.8,5380.8,5277.1,5359.0,95092.0
2017-06-02 21:00:00+00:00,5354.5,5355.8,5249.3,5288.0,107001.0
2017-06-09 21:00:00+00:00,5285.2,5316.3,5174.6,5270.3,133348.0
2017-06-16 21:00:00+00:00,5286.2,5341.8,5226.8,5269.3,102759.0
2017-06-23 21:00:00+00:00,5277.8,5326.3,5109.8,5151.8,153002.0
2017-06-30 21:00:00+00:00,5167.3,5199.8,5111.3,5154.5,109991.0
2017-07-07 21:00:00+00:00,5176.8,5261.8,5135.5,5242.0,86381.0
2017-07-14 21:00:00+00:00,5246.2,5251.9,5092.9,5140.2,115916.0
2017-07-21 21:00:00+00:00,5136.0,5218.8,5093.4,5126.2,117505.0
2017-07-28 21:00:00+00:00,5123.4,5217.2,5079.2,5204.7,106805.0
2017-08-04 21:00:00+00:00,5203.4,5232.9,5045.9,5054.9,133670.0
2017-08-11 21:00:00+00:00,5079.2,5201.4,5075.8,5106.3,130009.0
2017-08-18 21:00:00+00:00,5105.9,5150.8,5065.4,5100.0,120670.0
2017-08-25 21:00:00+00:00,5091.6,5141.0,4994.5,5127.8,109225.0
2017-09-01 21:00:00+00:00,5104.2,5151.3,5049.8,5110.8,130744.0
2017-09-08 21:00:00+00:00,5142.5,5236.3,5142.5,5219.5,87947.0
2017-09-15 21:00:00+00:00,5237.0,5296.3,5219.0,5286.8,74493.0
2017-09-22 21:00:00+00:00,5280.3,5338.3,5262.3,5333.3,82607.0
2017-09-29 21:00:00+00:00,5347.0,5390.3,5333.8,5374.3,53746.0
2017-10-06 21:00:00+00:00,5374.2,5383.3,5343.8,5362.8,53784.0
2017-10-13 21:00:00+00:00,5373.2,5394.1,5342.8,5373.8,54899.0
2017-10-20 21:00:00+00:00,5373.8,5513.8,5354.8,5494.8,81179.0
2017-10-27 21:00:00+00:00,5491.0,5537.3,5484.8,5513.0,66441.0
2017-11-03 21:00:00+00:00,5514.8,5527.8,5372.6,5381.8,85147.0
2017-11-10 22:00:00+00:00,5384.0,5392.3,5265.8,5315.8,99597.0
2017-11-17 22:00:00+00:00,5308.8,5422.8,5300.0,5390.5,80584.0
2017-11-24 22:00:00+00:00,5378.8,5444.3,5298.5,5340.8,140473.0
2017-12-01 22:00:00+00:00,5374.8,5430.3,5319.3,5409.8,128585.0
2017-12-08 22:00:00+00:00,5419.2,5429.8,5328.8,5360.5,92379.0
2017-12-15 22:00:00+00:00,5389.0,5429.8,5327.6,5373.0,81873.0
2017-12-22 22:00:00+00:00,5362.5,5394.3,5298.8,5303.0,35128.0
2017-12-29 22:00:00+00:00,5321.5,5478.5,5255.5,5478.5,63465.0
2018-01-05 22:00:00+00:00,5478.8,5535.3,5477.3,5508.3,89017.0
2018-01-12 22:00:00+00:00,5519.5,5536.5,5473.3,5534.3,104114.0
2018-01-19 22:00:00+00:00,5532.8,5579.8,5453.8,5551.3,107216.0
2018-01-26 22:00:00+00:00,5545.3,5545.3,5321.8,5322.5,215222.0
2018-02-02 22:00:00+00:00,5309.0,5338.3,4973.0,5103.5,537132.0
2018-02-09 22:00:00+00:00,5131.0,5298.4,5078.6,5281.4,305522.0
2018-02-16 22:00:00+00:00,5289.7,5341.9,5247.7,5338.3,170828.0
2018-02-23 22:00:00+00:00,5345.7,5370.9,5120.8,5176.5,253690.0
2018-03-02 22:00:00+00:00,5146.5,5292.9,5102.8,5280.8,234647.0
2018-03-09 22:00:00+00:00,5297.5,5313.3,5204.8,5279.2,212076.0
2018-03-16 21:00:00+00:00,5267.5,5274.8,5044.0,5052.3,289102.0
2018-03-23 21:00:00+00:00,5083.5,5199.3,5040.8,5185.0,291825.0
2018-03-30 21:00:00+00:00,5130.2,5285.8,5094.8,5224.8,245743.0
2018-04-06 21:00:00+00:00,5256.3,5336.8,5249.3,5313.0,211138.0
2018-04-13 21:00:00+00:00,5325.3,5428.9,5297.8,5406.3,170736.0
2018-04-20 21:00:00+00:00,5424.2,5491.8,5388.3,5484.0,199792.0
2018-04-27 21:00:00+00:00,5489.0,5549.8,5478.8,5540.5,148411.0
2018-05-04 21:00:00+00:00,5552.8,5568.8,5508.0,5560.8,118276.0
2018-05-11 21:00:00+00:00,5566.5,5644.4,5539.8,5609.3,122536.0
2018-05-18 21:00:00+00:00,5632.3,5658.8,5520.8,5540.3,150817.0
2018-05-25 21:00:00+00:00,5563.0,5586.8,5389.3,5502.0,260763.0
2018-06-01 21:00:00+00:00,5505.5,5530.3,5419.5,5474.8,161493.0
2018-06-08 21:00:00+00:00,5461.8,5561.0,5415.0,5519.8,154788.0
2018-06-15 21:00:00+00:00,5498.3,5498.8,5303.8,5373.5,156373.0
2018-06-22 21:00:00+00:00,5355.8,5375.5,5249.1,5305.8,190870.0
2018-06-29 21:00:00+00:00,5278.5,5407.0,5244.8,5386.6,143230.0
2018-07-06 21:00:00+00:00,5407.2,5443.8,5346.3,5437.3,122933.0
2018-07-13 21:00:00+00:00,5433.2,5461.3,5340.4,5395.1,130295.0
2018-07-20 21:00:00+00:00,5383.6,5515.4,5357.9,5489.4,148031.0
2018-07-27 21:00:00+00:00,5486.4,5532.4,5445.4,5497.6,143376.0
2018-08-03 21:00:00+00:00,5492.8,5541.1,5390.9,5410.6,129924.0
2018-08-10 21:00:00+00:00,5392.1,5449.9,5280.8,5352.9,175032.0
2018-08-17 21:00:00+00:00,5356.4,5450.6,5349.4,5436.6,22661.0
2018-08-24 21:00:00+00:00,5451.9,5511.4,5387.4,5407.6,26573.0
2018-08-31 21:00:00+00:00,5401.1,5431.1,5226.1,5246.4,107085.0
2018-09-07 21:00:00+00:00,5246.6,5366.5,5239.9,5352.2,157512.0
2018-09-14 21:00:00+00:00,5335.0,5498.9,5329.6,5487.0,132994.0
2018-09-21 21:00:00+00:00,5478.5,5548.4,5458.8,5480.5,123470.0
2018-09-28 21:00:00+00:00,5499.0,5520.5,5330.8,5346.5,151082.0
2018-10-05 21:00:00+00:00,5357.5,5357.5,5057.0,5122.4,321197.0
2018-10-12 21:00:00+00:00,5086.3,5203.8,5057.3,5088.2,143222.0
2018-10-19 21:00:00+00:00,5111.5,5137.8,4896.3,4968.0,360449.0
2018-10-26 21:00:00+00:00,4967.8,5162.8,4917.0,5116.0,342151.0
2018-11-02 21:00:00+00:00,5095.8,5169.8,5067.8,5115.5,213896.0
2018-11-09 22:00:00+00:00,5128.2,5142.8,4984.3,5034.5,289185.0
2018-11-16 22:00:00+00:00,5029.2,5062.8,4893.0,4941.5,257827.0
2018-11-23 22:00:00+00:00,4972.8,5035.5,4953.5,5017.5,230236.0
2018-11-30 22:00:00+00:00,5093.0,5112.0,4759.0,4792.2,303180.0
2018-12-07 22:00:00+00:00,4775.8,4931.3,4730.3,4830.0,348277.0
2018-12-14 22:00:00+00:00,4851.8,4867.5,4627.8,4650.8,391413.0
2018-12-21 22:00:00+00:00,4651.5,4706.3,4555.3,4673.0,178540.0
2018-12-28 22:00:00+00:00,4699.0,4754.8,4606.3,4749.8,238549.0
2019-01-04 22:00:00+00:00,4753.5,4844.3,4689.8,4774.0,236041.0
2019-01-11 22:00:00+00:00,4747.2,4883.0,4729.8,4873.3,201263.0
2019-01-18 22:00:00+00:00,4866.8,4931.8,4809.3,4910.0,156522.0
2019-01-25 22:00:00+00:00,4897.5,5026.3,4869.3,5012.8,155841.0
2019-02-01 22:00:00+00:00,5016.0,5085.3,4946.3,4991.3,158992.0
2019-02-08 22:00:00+00:00,4992.5,5163.8,4983.5,5157.5,172500.0
2019-02-15 22:00:00+00:00,5162.8,5226.0,5135.0,5211.2,125213.0
2019-02-22 22:00:00+00:00,5232.5,5286.8,5196.3,5279.8,119609.0
2019-03-01 22:00:00+00:00,5293.3,5315.4,5221.8,5246.3,145491.0
2019-03-08 22:00:00+00:00,5265.5,5419.9,5230.3,5411.2,106462.0
2019-03-15 21:00:00+00:00,5416.5,5449.8,5264.3,5271.2,135866.0
2019-03-22 21:00:00+00:00,5251.8,5367.5,5241.8,5367.0,182902.0
2019-03-29 21:00:00+00:00,5397.3,5493.3,5381.0,5491.8,127629.0
2019-04-05 21:00:00+00:00,5478.3,5518.3,5440.5,5517.8,118738.0
2019-04-12 21:00:00+00:00,5517.0,5601.5,5503.0,5589.5,84844.0
2019-04-19 21:00:00+00:00,5586.2,5603.5,5541.0,5572.8,76962.0
2019-04-26 21:00:00+00:00,5577.5,5609.0,5534.0,5572.0,81531.0
2019-05-03 21:00:00+00:00,5480.3,5511.3,5322.3,5406.0,105730.0
2019-05-10 21:00:00+00:00,5353.0,5452.6,5253.1,5418.8,47731.0
2019-05-17 21:00:00+00:00,5437.5,5443.8,5274.0,5330.5,39323.0
2019-05-24 21:00:00+00:00,5335.3,5376.8,5174.9,5215.5,193746.0
2019-05-31 21:00:00+00:00,5186.3,5401.0,5167.8,5373.8,164414.0
2019-06-07 21:00:00+00:00,5395.0,5449.3,5350.8,5380.5,29447.0
2019-06-14 21:00:00+00:00,5384.8,5582.3,5375.8,5509.0,34383.0
2019-06-21 21:00:00+00:00,5518.8,5547.5,5466.8,5534.8,23997.0
2019-06-28 21:00:00+00:00,5592.0,5636.6,5555.8,5601.0,19704.0
2019-07-05 21:00:00+00:00,5576.6,5608.5,5547.0,5576.8,23434.0
2019-07-12 21:00:00+00:00,5585.3,5627.3,5532.8,5546.8,23799.0
2019-07-19 21:00:00+00:00,5552.6,5673.0,5543.8,5606.5,19606.0
2019-07-26 21:00:00+00:00,5595.5,5624.5,5349.9,5372.5,48797.0
2019-08-02 21:00:00+00:00,5309.5,5388.5,5188.8,5349.8,71787.0
2019-08-09 21:00:00+00:00,5349.8,5405.0,5169.8,5301.5,87359.0
2019-08-16 21:00:00+00:00,5322.5,5441.8,5286.0,5286.8,48128.0
2019-08-23 21:00:00+00:00,5271.8,5504.8,5271.8,5495.2,45499.0
2019-08-30 21:00:00+00:00,5477.2,5612.8,5440.4,5594.0,34587.0
2019-09-06 21:00:00+00:00,5606.8,5674.8,5557.0,5649.8,35439.0
2019-09-13 21:00:00+00:00,5628.8,5696.5,5587.3,5664.8,28254.0
2019-09-20 21:00:00+00:00,5679.3,5684.3,5531.8,5620.5,30694.0
2019-09-27 21:00:00+00:00,5637.3,5713.3,5398.8,5510.8,45838.0
2019-10-04 21:00:00+00:00,5486.3,5675.9,5450.3,5651.3,50803.0
2019-10-11 21:00:00+00:00,5652.3,5737.8,5600.8,5640.3,41110.0
2019-10-18 21:00:00+00:00,5640.8,5724.8,5613.3,5723.2,25696.0
2019-10-25 21:00:00+00:00,5726.0,5782.8,5711.3,5771.3,27664.0
2019-11-01 21:00:00+00:00,5789.8,5907.0,5780.0,5900.5,24983.0
2019-11-08 22:00:00+00:00,5867.3,5947.3,5864.3,5936.8,98671.0
2019-11-15 22:00:00+00:00,5933.2,5967.1,5834.3,5897.5,128366.0
2019-11-22 22:00:00+00:00,5928.8,5952.3,5887.3,5900.8,64049.0
2019-11-29 22:00:00+00:00,5922.6,5957.6,5704.8,5880.8,148872.0
2019-12-06 22:00:00+00:00,5867.2,5986.8,5775.4,5937.8,158583.0
2019-12-13 22:00:00+00:00,5949.3,6029.8,5941.6,6019.3,106497.0
2019-12-20 22:00:00+00:00,6015.4,6067.5,6007.0,6028.5,39591.0
2019-12-27 22:00:00+00:00,6029.0,6067.8,5959.0,6025.6,94850.0
2020-01-03 22:00:00+00:00,5992.0,6077.8,5954.3,6017.0,149985.0
2020-01-10 22:00:00+00:00,6034.6,6109.8,5979.6,6106.2,139389.0
2020-01-17 22:00:00+00:00,6101.6,6102.0,5960.3,5997.7,85750.0
2020-01-24 22:00:00+00:00,5939.2,5970.2,5762.8,5786.8,164259.0
2020-01-31 22:00:00+00:00,5823.5,6050.1,5803.6,6008.3,142877.0
2020-02-07 22:00:00+00:00,6024.7,6117.4,5993.0,6072.5,39568.0
2020-02-14 22:00:00+00:00,6089.3,6111.1,5994.2,6019.5,19559.0
2020-02-21 22:00:00+00:00,5919.4,5920.9,5226.1,5328.2,273494.0
2020-02-28 22:00:00+00:00,5368.4,5537.9,5076.6,5142.5,500738.0
2020-03-06 22:00:00+00:00,4761.6,4923.8,3936.1,4303.2,656075.0
2020-03-13 21:00:00+00:00,3893.9,4118.4,3624.2,3891.4,486511.0
2020-03-20 21:00:00+00:00,3854.6,4572.2,3815.2,4326.2,431438.0
2020-03-27 21:00:00+00:00,4410.8,4470.0,4111.4,4140.4,435791.0
2020-04-03 21:00:00+00:00,4318.4,4561.4,4264.2,4541.4,291794.0
2020-04-10 21:00:00+00:00,4555.6,4577.4,4320.1,4533.5,263286.0
2020-04-17 21:00:00+00:00,4527.7,4547.8,4349.4,4441.7,291031.0
2020-04-24 21:00:00+00:00,4502.8,4720.8,4448.2,4552.4,213353.0
2020-05-01 21:00:00+00:00,4391.4,4560.4,4362.2,4547.4,208959.0
2020-05-08 21:00:00+00:00,4561.4,4568.1,4190.2,4295.0,275995.0
2020-05-15 21:00:00+00:00,4331.1,4560.4,4328.4,4468.5,214420.0
2020-05-22 21:00:00+00:00,4483.2,4786.5,4448.3,4722.6,192972.0
2020-05-29 21:00:00+00:00,4745.0,5198.8,4716.5,5164.8,210225.0
2020-06-05 21:00:00+00:00,5180.4,5224.1,4729.2,4866.6,366557.0
2020-06-12 21:00:00+00:00,4700.8,5039.6,4680.8,4928.0,392871.0
2020-06-19 21:00:00+00:00,4923.1,5046.0,4793.4,4900.4,292075.0
2020-06-26 21:00:00+00:00,4865.4,5075.0,4850.9,5026.6,171199.0
2020-07-03 21:00:00+00:00,5105.5,5123.8,4879.6,4998.2,133279.0
2020-07-10 21:00:00+00:00,5041.2,5145.0,4939.2,5085.4,219030.0
2020-07-17 21:00:00+00:00,5075.8,5171.0,4923.6,4949.0,117712.0
2020-07-24 21:00:00+00:00,4959.7,4979.3,4747.0,4783.7,89703.0
2020-07-31 21:00:00+00:00,4817.6,4955.4,4762.0,4899.6,83459.0
2020-08-07 21:00:00+00:00,4919.6,5096.2,4875.4,4951.9,74625.0
2020-08-14 21:00:00+00:00,4959.3,5002.0,4836.8,4905.7,105469.0
2020-08-21 21:00:00+00:00,4924.2,5074.2,4920.1,5018.5,65214.0
2020-08-28 21:00:00+00:00,5036.9,5132.4,4890.6,5007.2,168782.0
2020-09-04 21:00:00+00:00,4989.2,5074.2,4933.2,5025.3,203023.0
2020-09-11 21:00:00+00:00,5063.6,5090.8,4948.9,4972.8,125604.0
2020-09-18 21:00:00+00:00,4953.7,4955.8,4663.8,4772.6,129119.0
2020-09-25 21:00:00+00:00,4800.7,4871.8,4753.4,4833.8,120234.0
2020-10-02 21:00:00+00:00,4863.9,4961.0,4839.4,4946.5,62248.0
2020-10-09 21:00:00+00:00,4974.2,4998.0,4805.2,4934.5,106120.0
2020-10-16 21:00:00+00:00,4953.2,4993.8,4780.6,4916.9,61547.0
2020-10-23 21:00:00+00:00,4916.9,4916.9,4489.2,4623.2,170385.0
2020-10-30 21:00:00+00:00,4596.4,4997.0,4578.0,4954.8,200066.0
2020-11-06 22:00:00+00:00,5038.3,5466.1,5018.6,5407.2,247054.0
2020-11-13 22:00:00+00:00,5444.8,5523.8,5400.4,5499.5,67643.0
2020-11-20 22:00:00+00:00,5522.8,5615.0,5489.6,5612.0,17331.0
2020-11-27 22:00:00+00:00,5556.0,5616.0,5495.5,5611.8,18379.0
2020-12-04 22:00:00+00:00,5582.2,5599.5,5463.2,5521.2,20212.0
2020-12-11 22:00:00+00:00,5538.3,5591.4,5499.6,5512.2,25876.0
2020-12-18 22:00:00+00:00,5428.2,5557.4,5300.0,5517.4,21833.0
2020-12-25 22:00:00+00:00,5555.0,5626.2,5547.0,5568.8,10102.0
2021-01-01 22:00:00+00:00,5590.9,5724.9,5527.8,5724.1,38815.0
2021-01-08 22:00:00+00:00,5703.6,5704.4,5559.4,5597.6,30466.0
2021-01-15 22:00:00+00:00,5593.3,5664.4,5508.4,5556.6,15744.0
2021-01-22 22:00:00+00:00,5578.9,5585.4,5366.5,5391.3,74098.0
2021-01-29 22:00:00+00:00,5455.7,5673.4,5426.8,5659.8,34994.0
2021-02-05 22:00:00+00:00,5693.6,5721.8,5626.4,5716.2,22904.0
2021-02-12 22:00:00+00:00,5741.1,5801.4,5718.8,5763.6,61484.0
2021-02-19 22:00:00+00:00,5758.5,5833.0,5682.6,5710.5,65098.0
2021-02-26 22:00:00+00:00,5738.2,5870.4,5737.1,5845.0,59075.0
2021-03-05 22:00:00+00:00,5819.4,6070.0,5797.4,6069.9,31389.0
2021-03-12 22:00:00+00:00,6063.2,6092.5,5981.8,6005.6,25006.0
2021-03-19 21:00:00+00:00,5989.9,6030.2,5884.0,6019.7,21038.0
2021-03-26 21:00:00+00:00,5994.8,6145.1,5983.8,6134.2,12536.0
2021-04-02 21:00:00+00:00,6143.9,6190.4,6114.9,6189.4,11532.0
2021-04-09 21:00:00+00:00,6163.6,6319.4,6151.3,6317.6,16232.0
2021-04-16 21:00:00+00:00,6299.6,6322.8,6152.5,6260.8,19540.0
2021-04-23 21:00:00+00:00,6259.6,6357.0,6245.6,6268.6,15565.0
2021-04-30 21:00:00+00:00,6280.2,6393.6,6241.2,6392.2,23252.0
2021-05-07 21:00:00+00:00,6397.2,6424.8,6149.6,6423.4,39440.0
2021-05-14 21:00:00+00:00,6401.0,6418.3,6190.2,6393.4,35089.0
2021-05-21 21:00:00+00:00,6383.8,6494.8,6377.6,6473.4,14526.0
2021-05-28 21:00:00+00:00,6469.8,6530.3,6442.1,6528.7,13047.0
2021-06-04 21:00:00+00:00,6508.4,6628.0,6486.4,6626.5,13918.0
2021-06-11 21:00:00+00:00,6624.2,6688.6,6559.6,6570.1,22090.0
2021-06-18 21:00:00+00:00,6505.9,6647.1,6502.4,6629.3,20175.0
2021-06-25 21:00:00+00:00,6629.6,6633.4,6471.8,6555.6,22220.0
2021-07-02 21:00:00+00:00,6544.8,6583.0,6347.0,6533.2,34783.0
2021-07-09 21:00:00+00:00,6518.4,6571.0,6417.1,6441.0,32175.0
2021-07-16 21:00:00+00:00,6408.3,6581.8,6251.2,6566.8,43656.0
2021-07-23 21:00:00+00:00,6532.6,6670.4,6517.0,6620.1,33867.0
2021-07-30 21:00:00+00:00,6643.3,6834.4,6638.6,6827.5,22612.0
2021-08-06 21:00:00+00:00,6805.6,6914.6,6802.8,6898.1,12232.0
2021-08-13 21:00:00+00:00,6860.1,6867.0,6560.4,6644.4,49936.0
2021-08-20 21:00:00+00:00,6676.5,6724.2,6618.2,6684.2,19814.0
2021-08-27 21:00:00+00:00,6679.6,6784.6,6649.6,6679.3,19966.0
2021-09-03 21:00:00+00:00,6691.5,6756.8,6604.2,6640.0,29789.0
2021-09-10 21:00:00+00:00,6658.5,6722.8,6542.5,6573.2,31965.0
2021-09-17 21:00:00+00:00,6498.6,6719.0,6388.6,6641.2,50784.0
2021-09-24 21:00:00+00:00,6691.0,6700.2,6407.8,6539.7,66208.0
2021-10-01 21:00:00+00:00,6502.2,6617.4,6419.6,6555.0,58250.0
2021-10-08 21:00:00+00:00,6572.4,6745.1,6483.4,6737.6,38021.0
2021-10-15 21:00:00+00:00,6722.2,6766.2,6636.1,6751.0,24760.0
2021-10-22 21:00:00+00:00,6753.4,6861.1,6706.6,6857.4,26918.0
2021-10-29 21:00:00+00:00,6861.2,7063.2,6859.9,7045.2,18073.0
2021-11-05 21:00:00+00:00,7034.2,7097.8,7001.6,7089.3,16816.0
2021-11-12 22:00:00+00:00,7089.0,7185.3,7068.8,7107.8,17864.0
2021-11-19 22:00:00+00:00,7124.9,7143.2,6983.8,7078.8,26915.0
2021-11-26 22:00:00+00:00,7078.8,7078.8,6649.2,6776.0,135082.0
2021-12-03 22:00:00+00:00,6820.0,7105.0,6775.8,7004.4,65309.0
2021-12-10 22:00:00+00:00,7020.6,7059.7,6879.4,6894.8,80871.0
2021-12-17 22:00:00+00:00,6784.8,7123.0,6732.5,7094.4,54650.0
2021-12-24 22:00:00+00:00,7087.3,7205.8,7061.0,7167.6,21786.0
2021-12-31 22:00:00+00:00,7170.4,7385.0,7158.2,7220.6,69033.0
2022-01-07 22:00:00+00:00,7232.0,7251.8,7100.6,7171.2,58784.0
2022-01-14 22:00:00+00:00,7169.8,7213.4,6989.0,6992.5,100658.0
2022-01-21 22:00:00+00:00,7026.8,7071.6,6701.2,7013.6,302397.0
2022-01-28 22:00:00+00:00,7042.4,7149.6,6913.3,6981.2,109535.0
2022-02-04 22:00:00+00:00,6976.8,7170.0,6859.8,6886.9,107830.0
2022-02-11 22:00:00+00:00,6893.8,7033.4,6756.0,6920.2,161827.0
2022-02-18 22:00:00+00:00,6956.9,7004.6,6430.4,6795.0,319682.0
2022-02-25 22:00:00+00:00,6561.3,6684.8,6028.0,6095.3,305447.0
2022-03-04 22:00:00+00:00,5935.8,6467.0,5753.6,6201.8,564092.0
2022-03-11 22:00:00+00:00,6318.0,6680.6,6204.8,6640.8,400062.0
2022-03-18 21:00:00+00:00,6600.6,6693.9,6527.4,6592.5,113249.0
2022-03-25 21:00:00+00:00,6567.2,6830.4,6555.8,6704.0,138624.0
2022-04-01 21:00:00+00:00,6724.3,6755.2,6430.6,6506.1,107384.0
2022-04-08 21:00:00+00:00,6513.6,6614.2,6421.6,6564.5,105163.0
2022-04-15 21:00:00+00:00,6551.6,6764.8,6494.2,6537.8,69407.0
2022-04-22 21:00:00+00:00,6483.6,6605.0,6338.6,6430.5,169160.0
2022-04-29 21:00:00+00:00,6424.5,6510.6,6213.0,6256.8,164239.0
2022-05-06 21:00:00+00:00,6379.0,6380.7,6140.5,6372.9,45179.0
2022-05-13 21:00:00+00:00,6342.0,6458.9,6193.6,6301.2,191820.0
2022-05-20 21:00:00+00:00,6336.4,6538.3,6231.4,6532.8,97211.0
2022-05-27 21:00:00+00:00,6553.0,6585.0,6401.1,6491.6,66859.0
2022-06-03 21:00:00+00:00,6514.9,6592.6,6169.7,6187.2,90059.0
2022-06-10 21:00:00+00:00,6095.4,6124.8,5840.8,5888.0,181381.0
2022-06-17 21:00:00+00:00,5872.8,6125.8,5829.0,6123.6,67257.0
2022-06-24 21:00:00+00:00,6123.6,6157.4,5851.2,5994.9,70754.0
2022-07-01 21:00:00+00:00,5969.4,6055.8,5784.6,6014.3,77076.0
2022-07-08 21:00:00+00:00,5946.0,6063.2,5872.3,6036.8,89023.0
2022-07-15 21:00:00+00:00,6076.5,6247.3,6025.0,6179.3,76813.0
2022-07-22 21:00:00+00:00,6180.8,6492.6,6172.4,6489.3,49559.0
2022-07-29 21:00:00+00:00,6447.8,6556.0,6379.4,6494.4,38554.0
2022-08-05 21:00:00+00:00,6500.9,6605.0,6451.4,6605.0,30901.0
2022-08-12 21:00:00+00:00,6590.4,6625.5,6486.3,6497.2,35287.0
2022-08-19 21:00:00+00:00,6474.0,6476.8,6220.6,6226.6,35887.0
2022-08-26 21:00:00+00:00,6179.8,6304.6,6003.7,6023.4,57624.0
2022-09-02 21:00:00+00:00,5978.2,6242.4,5978.2,6238.7,59537.0
2022-09-09 21:00:00+00:00,6257.7,6397.2,6052.5,6095.5,61379.0
2022-09-16 21:00:00+00:00,6070.3,6119.0,5752.9,5790.4,71975.0
2022-09-23 21:00:00+00:00,5738.4,5851.0,5625.0,5683.2,102446.0
2022-09-30 21:00:00+00:00,5695.9,6050.8,5651.0,5842.0,53111.0
2022-10-07 21:00:00+00:00,5798.8,6043.6,5701.2,5895.8,74052.0
2022-10-14 21:00:00+00:00,5940.5,6139.6,5907.6,6090.5,97395.0
2022-10-21 21:00:00+00:00,6073.8,6319.8,6039.2,6318.8,49959.0
2022-10-28 21:00:00+00:00,6287.8,6466.0,6189.2,6428.5,44511.0
2022-11-04 21:00:00+00:00,6407.0,6642.3,6362.8,6631.3,35424.0
2022-11-11 22:00:00+00:00,6621.0,6686.8,6525.2,6660.8,47575.0
2022-11-18 22:00:00+00:00,6627.5,6735.8,6618.2,6722.2,16088.0
2022-11-25 22:00:00+00:00,6690.2,6804.0,6646.4,6747.4,32202.0
2022-12-02 22:00:00+00:00,6740.0,6746.4,6606.8,6642.8,28955.0
2022-12-09 22:00:00+00:00,6642.0,6818.8,6417.0,6471.5,57490.0
2022-12-16 22:00:00+00:00,6480.5,6613.0,6385.8,6513.8,24367.0
2022-12-23 22:00:00+00:00,6550.5,6580.3,6456.0,6460.8,13053.0
2022-12-30 22:00:00+00:00,6472.9,6886.5,6472.9,6881.2,33673.0
2023-01-06 22:00:00+00:00,6892.5,7055.5,6844.2,7052.8,22795.0
2023-01-13 22:00:00+00:00,7043.2,7114.8,6946.0,7020.5,19950.0
2023-01-20 22:00:00+00:00,7018.5,7114.8,6986.0,7097.5,19054.0
2023-01-27 22:00:00+00:00,7067.0,7230.8,7021.6,7205.0,27020.0
2023-02-03 22:00:00+00:00,7172.2,7224.8,7069.2,7142.5,26040.0
2023-02-10 22:00:00+00:00,7122.8,7387.8,7120.2,7369.7,33252.0
2023-02-17 22:00:00+00:00,7371.0,7373.5,7175.5,7216.2,29402.0
2023-02-24 22:00:00+00:00,7217.7,7380.7,7159.8,7378.7,27887.0
2023-03-03 22:00:00+00:00,7372.0,7395.8,7127.3,7142.2,33081.0
2023-03-10 22:00:00+00:00,7234.2,7234.2,6858.0,6921.5,139393.0
2023-03-17 21:00:00+00:00,6825.8,7168.9,6793.6,7052.0,94591.0
2023-03-24 21:00:00+00:00,7079.2,7342.6,7036.2,7336.2,24509.0
2023-03-31 21:00:00+00:00,7316.2,7400.6,7299.8,7341.2,15285.0
2023-04-07 21:00:00+00:00,7373.8,7534.2,7365.3,7523.5,16389.0
2023-04-14 21:00:00+00:00,7522.5,7598.0,7493.0,7595.2,16639.0
2023-04-21 21:00:00+00:00,7552.0,7588.8,7407.0,7500.8,20544.0
2023-04-28 21:00:00+00:00,7496.6,7511.2,7317.0,7457.0,25344.0
2023-05-05 21:00:00+00:00,7429.9,7464.6,7319.5,7419.3,17536.0
2023-05-12 21:00:00+00:00,7427.4,7530.6,7353.6,7507.0,15334.0
2023-05-19 21:00:00+00:00,7478.9,7496.0,7199.2,7332.3,20429.0
2023-05-26 21:00:00+00:00,7332.3,7360.6,7083.8,7277.7,20108.0
2023-06-02 21:00:00+00:00,7262.2,7294.6,7167.0,7222.0,17086.0
2023-06-09 21:00:00+00:00,7232.4,7402.2,7232.4,7368.2,21111.0
2023-06-16 21:00:00+00:00,7352.8,7362.8,7123.8,7157.3,16145.0
2023-06-23 21:00:00+00:00,7163.6,7423.8,7099.6,7421.8,15239.0
2023-06-30 21:00:00+00:00,7416.9,7427.6,7050.2,7111.4,16250.0
2023-07-07 21:00:00+00:00,7072.0,7409.8,7067.7,7353.2,14730.0
2023-07-14 21:00:00+00:00,7330.7,7443.0,7269.2,7436.8,14758.0
2023-07-21 21:00:00+00:00,7412.5,7497.8,7252.0,7476.2,21041.0
2023-07-28 21:00:00+00:00,7466.8,7527.6,7210.2,7266.5,25047.0
2023-08-04 21:00:00+00:00,7289.5,7465.8,7219.2,7347.5,27260.0
2023-08-11 21:00:00+00:00,7319.8,7383.0,7093.2,7170.8,27312.0
2023-08-18 21:00:00+00:00,7162.2,7345.8,7156.8,7263.2,26148.0
2023-08-25 21:00:00+00:00,7292.7,7407.6,7261.8,7312.2,22621.0
2023-09-01 21:00:00+00:00,7319.6,7359.6,7135.0,7240.2,24416.0
2023-09-08 21:00:00+00:00,7258.4,7438.6,7178.0,7361.4,31590.0
2023-09-15 21:00:00+00:00,7357.6,7362.2,7129.6,7149.0,29292.0
2023-09-22 21:00:00+00:00,7167.6,7205.2,7027.4,7114.8,35534.0
2023-09-29 21:00:00+00:00,7127.8,7196.8,6946.6,7088.5,44202.0
2023-10-06 21:00:00+00:00,7041.8,7183.8,6976.0,6989.8,35870.0
2023-10-13 21:00:00+00:00,6997.8,7058.4,6810.8,6812.5,40970.0
2023-10-20 21:00:00+00:00,6834.2,6931.0,6751.5,6768.8,36529.0
2023-10-27 21:00:00+00:00,6808.5,7098.2,6801.0,7050.0,26317.0
2023-11-03 21:00:00+00:00,7048.8,7122.8,6947.6,7094.7,21118.0
2023-11-10 22:00:00+00:00,7068.9,7248.2,7056.6,7244.4,19950.0
2023-11-17 22:00:00+00:00,7234.7,7301.8,7216.6,7292.3,9381.0
2023-11-24 22:00:00+00:00,7286.8,7368.4,7216.0,7363.4,13241.0
2023-12-01 22:00:00+00:00,7350.4,7549.4,7312.4,7545.7,12745.0
2023-12-08 22:00:00+00:00,7534.7,7654.6,7523.1,7584.4,19737.0
2023-12-15 22:00:00+00:00,7589.4,7613.0,7525.8,7572.3,15756.0
2023-12-22 22:00:00+00:00,7613.3,7616.6,7532.3,7563.3,7088.0
2023-12-29 22:00:00+00:00,7575.4,7610.4,7349.6,7412.9,21058.0
2024-01-05 22:00:00+00:00,7403.4,7487.3,7373.2,7469.2,214760.0
2024-01-12 22:00:00+00:00,7479.6,7493.6,7280.4,7409.2,207881.0
2024-01-19 22:00:00+00:00,7414.9,7647.2,7374.8,7634.0,195568.0
2024-01-26 22:00:00+00:00,7626.0,7707.2,7568.8,7610.6,184324.0
2024-02-02 22:00:00+00:00,7593.4,7685.8,7556.8,7673.0,169998.0
2024-02-09 22:00:00+00:00,7672.6,7800.4,7574.8,7750.2,183818.0
2024-02-16 22:00:00+00:00,7757.2,7976.2,7725.8,7965.3,135766.0
2024-02-23 22:00:00+00:00,7950.6,7978.2,7899.2,7939.0,122799.0
2024-03-01 22:00:00+00:00,7928.5,8044.8,7899.3,8000.3,153328.0
2024-03-08 22:00:00+00:00,7995.0,8220.5,7974.3,8193.8,160117.0
2024-03-15 21:00:00+00:00,8196.2,8253.0,8124.0,8158.8,150467.0
2024-03-22 21:00:00+00:00,8152.6,8255.8,8103.5,8220.3,96751.0
2024-03-29 21:00:00+00:00,8212.8,8254.8,8015.8,8071.6,180870.0
2024-04-05 21:00:00+00:00,8084.3,8147.8,7967.0,7980.6,303331.0
2024-04-12 21:00:00+00:00,8024.8,8133.2,7903.6,8031.0,341057.0
2024-04-19 21:00:00+00:00,8061.8,8159.5,7962.2,8109.6,222932.0
2024-04-26 21:00:00+00:00,8138.9,8141.6,7904.0,7970.3,167070.0
2024-05-03 21:00:00+00:00,7963.3,8261.0,7960.0,8226.5,120221.0
2024-05-10 21:00:00+00:00,8212.6,8254.2,8141.8,8184.0,117053.0
2024-05-17 21:00:00+00:00,8189.8,8237.0,8043.4,8101.2,125213.0
2024-05-24 21:00:00+00:00,8099.6,8153.4,7912.2,8024.8,157910.0
2024-05-31 21:00:00+00:00,8055.2,8073.0,7909.2,7990.6,202507.0
2024-06-07 21:00:00+00:00,7932.3,7933.3,7463.0,7486.0,222422.0
2024-06-14 21:00:00+00:00,7527.3,7682.6,7483.2,7624.8,166301.0
2024-06-21 21:00:00+00:00,7633.6,7729.6,7456.3,7498.6,186397.0
2024-06-28 21:00:00+00:00,7495.2,7741.9,7479.8,7687.0,169473.0
2024-07-05 21:00:00+00:00,7637.4,7745.9,7486.1,7717.1,155882.0
2024-07-12 21:00:00+00:00,7691.2,7714.4,7516.1,7538.9,185067.0
2024-07-19 21:00:00+00:00,7554.6,7665.2,7339.0,7536.0,211828.0
2024-07-26 21:00:00+00:00,7550.8,7587.0,7226.2,7280.2,269362.0
2024-08-02 21:00:00+00:00,7109.2,7319.2,7025.4,7287.0,370843.0
2024-08-09 21:00:00+00:00,7296.5,7460.8,7217.2,7450.4,144396.0
2024-08-16 21:00:00+00:00,7459.6,7584.8,7438.4,7583.6,122071.0
2024-08-23 21:00:00+00:00,7573.0,7694.0,7551.6,7648.0,120612.0
2024-08-30 21:00:00+00:00,7636.6,7675.0,7336.2,7376.9,172323.0
2024-09-06 21:00:00+00:00,7365.2,7508.8,7353.0,7460.4,238514.0
2024-09-13 21:00:00+00:00,7459.4,7641.3,7427.4,7506.8,199883.0
2024-09-20 21:00:00+00:00,7527.4,7806.8,7457.0,7771.6,177428.0
2024-09-27 21:00:00+00:00,7791.3,7791.6,7456.3,7587.2,219561.0
2024-10-04 21:00:00+00:00,7576.0,7593.2,7474.6,7586.2,163954.0
2024-10-11 21:00:00+00:00,7575.2,7646.5,7410.2,7616.6,162207.0
2024-10-18 21:00:00+00:00,7604.8,7621.8,7457.6,7475.8,168461.0
2024-10-25 21:00:00+00:00,7514.6,7621.8,7316.0,7388.8,212939.0
2024-11-01 21:00:00+00:00,7422.8,7575.2,7327.4,7356.2,222367.0
2024-11-08 22:00:00+00:00,7373.8,7455.2,7158.7,7281.6,204818.0
2024-11-15 22:00:00+00:00,7292.8,7304.5,7134.2,7262.0,248789.0
2024-11-22 22:00:00+00:00,7284.6,7341.8,7095.6,7230.4,180831.0
2024-11-29 22:00:00+00:00,7156.0,7446.6,7122.6,7427.4,182577.0
2024-12-06 22:00:00+00:00,7418.7,7515.7,7365.7,7408.8,145465.0
2024-12-13 22:00:00+00:00,7392.4,7405.3,7191.8,7274.8,185419.0
2024-12-20 22:00:00+00:00,7293.8,7363.6,7242.2,7351.3,70616.0
2024-12-27 22:00:00+00:00,7330.8,7403.8,7268.6,7282.6,126614.0
2025-01-03 22:00:00+00:00,7314.4,7520.7,7301.4,7450.5,229456.0
2025-01-10 22:00:00+00:00,7415.8,7735.0,7353.5,7720.8,191522.0
2025-01-17 22:00:00+00:00,7725.5,7992.5,7684.2,7921.7,146991.0
2025-01-24 22:00:00+00:00,7869.2,7998.0,7831.3,7918.8,204482.0
2025-01-31 22:00:00+00:00,7766.8,8029.0,7758.0,7950.3,201346.0
2025-02-07 22:00:00+00:00,7978.3,8214.0,7970.5,8177.3,157374.0
2025-02-14 22:00:00+00:00,8184.3,8227.2,8093.6,8118.3,140764.0
2025-02-21 22:00:00+00:00,8174.6,8176.3,8008.0,8108.6,242857.0
2025-02-28 22:00:00+00:00,8137.3,8302.5,8000.8,8203.2,398284.0
2025-03-07 22:00:00+00:00,8175.1,8180.1,7900.0,8050.8,412634.0
2025-03-14 21:00:00+00:00,8024.2,8199.6,8008.7,8047.8,261688.0
2025-03-21 21:00:00+00:00,8096.4,8146.0,7892.3,7898.8,236569.0
2025-03-28 21:00:00+00:00,7842.8,7887.8,7209.0,7216.8,483639.0
2025-04-04 21:00:00+00:00,7050.0,7511.0,6746.8,7255.0,682842.0
2025-04-11 21:00:00+00:00,7265.2,7370.3,7161.0,7310.8,241027.0
2025-04-18 21:00:00+00:00,7241.0,7597.2,7219.8,7595.0,248171.0
2025-04-25 21:00:00+00:00,7557.7,7816.6,7522.8,7808.0,206531.0
2025-05-02 21:00:00+00:00,7741.3,7772.2,7605.1,7759.8,219841.0
2025-05-09 21:00:00+00:00,7804.9,7925.3,7767.6,7924.3,188444.0
2025-05-16 21:00:00+00:00,7854.1,7965.9,7623.7,7730.8,224323.0
2025-05-23 21:00:00+00:00,7805.4,7878.6,7711.8,7763.4,168030.0
2025-05-30 21:00:00+00:00,7721.2,7855.4,7669.6,7811.4,210991.0
2025-06-06 21:00:00+00:00,7805.0,7842.2,7630.8,7650.6,198799.0
2025-06-13 21:00:00+00:00,7678.8,7771.0,7543.6,7561.8,197251.0
2025-06-20 21:00:00+00:00,7538.4,7713.5,7495.0,7699.8,214323.0
2025-06-27 21:00:00+00:00,7708.0,7770.0,7610.0,7672.8,170808.0
2025-07-04 21:00:00+00:00,7696.8,7941.2,7678.2,7826.8,169478.0
2025-07-11 21:00:00+00:00,7770.3,7875.5,7709.2,7804.4,154822.0
2025-07-18 21:00:00+00:00,7805.0,7980.7,7726.4,7869.6,182307.0
2025-07-25 21:00:00+00:00,7934.4,7948.4,7522.3,7561.4,251851.0
2025-08-01 21:00:00+00:00,7599.1,7776.8,7569.8,7755.4,209765.0
2025-08-08 21:00:00+00:00,7766.9,7946.7,7693.6,7934.8,138238.0
2025-08-15 21:00:00+00:00,7943.0,8009.4,7858.0,7978.9,160462.0
2025-08-22 21:00:00+00:00,7965.4,7966.2,7665.2,7713.8,166333.0
2025-08-29 21:00:00+00:00,7728.4,7747.1,7646.8,7678.6,194854.0
2025-09-05 21:00:00+00:00,7685.1,7851.8,7680.6,7834.4,169389.0
2025-09-12 21:00:00+00:00,7839.2,7943.3,7764.0,7879.5,166620.0
2025-09-19 21:00:00+00:00,7869.0,7927.6,7764.4,7882.7,177027.0
2025-09-26 21:00:00+00:00,7901.4,8100.2,7832.8,8077.1,162929.0
2025-10-03 21:00:00+00:00,8075.1,8111.4,7863.9,7877.4,218104.0
2025-10-10 21:00:00+00:00,7939.6,8229.8,7822.4,8223.3,277635.0
2025-10-17 21:00:00+00:00,8223.3,8277.2,8153.9,8214.8,180894.0
2025-10-24 21:00:00+00:00,8259.6,8275.0,8100.4,8126.1,152586.0
2025-10-31 21:00:00+00:00,8131.6,8154.6,7907.5,8017.3,187748.0
2025-11-07 22:00:00+00:00,8047.6,8317.4,8017.2,8153.0,190235.0
2025-11-14 22:00:00+00:00,8152.8,8176.8,7879.2,8025.3,300100.0
2025-11-21 22:00:00+00:00,8038.4,8138.5,7939.7,8124.8,158558.0
2025-11-28 22:00:00+00:00,8097.5,8164.5,8045.2,8114.9,163632.0
2025-12-05 22:00:00+00:00,8102.2,8157.6,8001.6,8077.8,164018.0
2025-12-12 22:00:00+00:00,8104.3,8184.8,8077.0,8149.3,150013.0
2025-12-19 22:00:00+00:00,8147.0,8159.8,8087.6,8110.2,42597.0
2025-12-26 22:00:00+00:00,8127.6,8222.2,8087.0,8212.0,74752.0
2026-01-02 22:00:00+00:00,8246.0,8373.0,8158.4,8366.4,152532.0
2026-01-09 22:00:00+00:00,8364.0,8398.7,8237.8,8262.3,127153.0
2026-01-16 22:00:00+00:00,8105.0,8205.5,7998.2,8151.6,192760.0
2026-01-23 22:00:00+00:00,8144.1,8176.0,8022.2,8117.6,205135.0
2026-01-30 22:00:00+00:00,8037.8,8315.2,8024.8,8301.2,279161.0
2026-02-06 22:00:00+00:00,8318.8,8449.6,8257.8,8310.0,250016.0
2026-02-13 22:00:00+00:00,8321.9,8542.3,8279.5,8539.0,213847.0
2026-02-20 22:00:00+00:00,8509.8,8652.2,8462.8,8547.0,180214.0
2026-02-27 22:00:00+00:00,8432.7,8462.4,7910.2,8018.0,490711.0
2026-03-06 22:00:00+00:00,7805.0,8109.8,7757.8,7875.8,488599.0
2026-03-13 21:00:00+00:00,7941.0,8066.4,7582.8,7611.2,413727.0
2026-03-20 21:00:00+00:00,7532.8,7888.8,7505.5,7647.9,545613.0
2026-03-27 21:00:00+00:00,7671.9,8009.6,7666.6,7991.6,456589.0
2026-04-03 21:00:00+00:00,7977.9,8321.9,7880.7,8253.2,398926.0
2026-04-10 21:00:00+00:00,8182.0,8602.7,8162.9,8415.3,319036.0
2026-04-17 21:00:00+00:00,8341.0,8372.5,8117.0,8205.4,407787.0
2026-04-24 21:00:00+00:00,8179.2,8228.4,7963.4,8146.3,308263.0
2026-05-01 21:00:00+00:00,8152.6,8368.8,7925.5,8138.4,426712.0
2026-05-08 21:00:00+00:00,8067.2,8091.6,7916.0,7930.0,286381.0
2026-05-15 21:00:00+00:00,7859.5,8185.2,7835.8,8096.4,457609.0
2026-05-22 21:00:00+00:00,8182.7,8290.2,8153.0,8164.4,219607.0
2026-05-29 21:00:00+00:00,8175.1,8298.4,8102.7,8158.4,297272.0
2026-06-05 21:00:00+00:00,8103.4,8398.0,8087.8,8355.0,542348.0
2026-06-12 21:00:00+00:00,8471.6,8507.2,8359.6,8429.2,226693.0
2026-06-19 21:00:00+00:00,8439.3,8461.8,8310.2,8362.8,299810.0
